,GAME_ID,EVENTNUM,EVENTMSGTYPE,EVENTMSGACTIONTYPE,PERIOD,WCTIMESTRING,PCTIMESTRING,HOMEDESCRIPTION,NEUTRALDESCRIPTION,VISITORDESCRIPTION,SCORE,SCOREMARGIN,PERSON1TYPE,PLAYER1_ID,PLAYER1_NAME,PLAYER1_TEAM_ID,PLAYER1_TEAM_CITY,PLAYER1_TEAM_NICKNAME,PLAYER1_TEAM_ABBREVIATION,PERSON2TYPE,PLAYER2_ID,PLAYER2_NAME,PLAYER2_TEAM_ID,PLAYER2_TEAM_CITY,PLAYER2_TEAM_NICKNAME,PLAYER2_TEAM_ABBREVIATION,PERSON3TYPE,PLAYER3_ID,PLAYER3_NAME,PLAYER3_TEAM_ID,PLAYER3_TEAM_CITY,PLAYER3_TEAM_NICKNAME,PLAYER3_TEAM_ABBREVIATION,VIDEO_AVAILABLE_FLAG
0,0021900066,2,12,0,1,7:17 PM,12:00,,,,,,0,0,,,,,,0,0,,,,,,0,0,,,,,,0
1,0021900066,4,10,0,1,7:17 PM,12:00,Jump Ball Len vs. Adebayo: Tip to Huerter,,,,,4,203458,Alex Len,1610612737.0,Atlanta,Hawks,ATL,5,1628389,Bam Adebayo,1610612748.0,Miami,Heat,MIA,4,1628989,Kevin Huerter,1610612737.0,Atlanta,Hawks,ATL,1
2,0021900066,7,2,1,1,7:17 PM,11:40,MISS Collins 14' Jump Shot,,,,,4,1628381,John Collins,1610612737.0,Atlanta,Hawks,ATL,0,0,,,,,,0,0,,,,,,1
3,0021900066,8,4,0,1,7:17 PM,11:36,,,Leonard REBOUND (Off:0 Def:1),,,5,203086,Meyers Leonard,1610612748.0,Miami,Heat,MIA,0,0,,,,,,0,0,,,,,,1
4,0021900066,9,2,1,1,7:17 PM,11:24,,,MISS Leonard 25' 3PT Jump Shot,,,5,203086,Meyers Leonard,1610612748.0,Miami,Heat,MIA,0,0,,,,,,0,0,,,,,,1
5,0021900066,10,4,0,1,7:17 PM,11:21,Reddish REBOUND (Off:0 Def:1),,,,,4,1629629,Cam Reddish,1610612737.0,Atlanta,Hawks,ATL,0,0,,,,,,0,0,,,,,,1
6,0021900066,11,6,1,1,7:18 PM,11:09,,,Robinson P.FOUL (P1.T1) (K.Lane),,,5,1629130,Duncan Robinson,1610612748.0,Miami,Heat,MIA,4,1629631,De'Andre Hunter,1610612737.0,Atlanta,Hawks,ATL,1,0,,,,,,1
7,0021900066,13,6,2,1,7:18 PM,11:05,,,Leonard S.FOUL (P1.T2) (E.Dalen),,,5,203086,Meyers Leonard,1610612748.0,Miami,Heat,MIA,4,1629629,Cam Reddish,1610612737.0,Atlanta,Hawks,ATL,1,0,,,,,,1
8,0021900066,15,3,11,1,7:18 PM,11:05,Reddish Free Throw 1 of 2 (1 PTS),,,0 - 1,1,4,1629629,Cam Reddish,1610612737.0,Atlanta,Hawks,ATL,0,0,,,,,,0,0,,,,,,1
9,0021900066,16,3,12,1,7:18 PM,11:05,Reddish Free Throw 2 of 2 (2 PTS),,,0 - 2,2,4,1629629,Cam Reddish,1610612737.0,Atlanta,Hawks,ATL,0,0,,,,,,0,0,,,,,,0
10,0021900066,17,6,1,1,7:19 PM,10:55,Reddish P.FOUL (P1.T1) (K.Lane),,,,,4,1629629,Cam Reddish,1610612737.0,Atlanta,Hawks,ATL,5,1628389,Bam Adebayo,1610612748.0,Miami,Heat,MIA,1,0,,,,,,1
11,0021900066,19,2,47,1,7:19 PM,10:47,,,MISS Butler 7' Turnaround Jump Shot,,,5,202710,Jimmy Butler,1610612748.0,Miami,Heat,MIA,0,0,,,,,,0,0,,,,,,1
12,0021900066,20,4,0,1,7:19 PM,10:44,Reddish REBOUND (Off:0 Def:2),,,,,4,1629629,Cam Reddish,1610612737.0,Atlanta,Hawks,ATL,0,0,,,,,,0,0,,,,,,1
13,0021900066,21,2,101,1,7:19 PM,10:36,MISS Reddish 13' Driving Floating Jump Shot,,,,,4,1629629,Cam Reddish,1610612737.0,Atlanta,Hawks,ATL,0,0,,,,,,0,0,,,,,,1
14,0021900066,22,4,0,1,7:19 PM,10:31,,,Leonard REBOUND (Off:0 Def:2),,,5,203086,Meyers Leonard,1610612748.0,Miami,Heat,MIA,0,0,,,,,,0,0,,,,,,1
15,0021900066,23,2,79,1,7:20 PM,10:16,,,MISS Nunn 13' Pullup Jump Shot,,,5,1629134,Kendrick Nunn,1610612748.0,Miami,Heat,MIA,0,0,,,,,,0,0,,,,,,1
16,0021900066,24,4,0,1,7:20 PM,10:13,,,Adebayo REBOUND (Off:1 Def:0),,,5,1628389,Bam Adebayo,1610612748.0,Miami,Heat,MIA,0,0,,,,,,0,0,,,,,,1
17,0021900066,25,1,87,1,7:20 PM,10:11,,,Adebayo 2' Putback Dunk (2 PTS),2 - 2,TIE,5,1628389,Bam Adebayo,1610612748.0,Miami,Heat,MIA,0,0,,,,,,0,0,,,,,,1
18,0021900066,26,1,1,1,7:20 PM,9:56,Len 26' 3PT Jump Shot (3 PTS) (Reddish 1 AST),,,2 - 5,3,4,203458,Alex Len,1610612737.0,Atlanta,Hawks,ATL,4,1629629,Cam Reddish,1610612737.0,Atlanta,Hawks,ATL,0,0,,,,,,1
19,0021900066,28,6,1,1,7:20 PM,9:40,Len P.FOUL (P1.T2) (T.Brothers),,,,,4,203458,Alex Len,1610612737.0,Atlanta,Hawks,ATL,5,203086,Meyers Leonard,1610612748.0,Miami,Heat,MIA,1,0,,,,,,1
20,0021900066,30,2,79,1,7:21 PM,9:32,,,MISS Nunn 26' 3PT Pullup Jump Shot,,,5,1629134,Kendrick Nunn,1610612748.0,Miami,Heat,MIA,0,0,,,,,,0,0,,,,,,1
21,0021900066,31,4,0,1,7:21 PM,9:28,Huerter REBOUND (Off:0 Def:1),,,,,4,1628989,Kevin Huerter,1610612737.0,Atlanta,Hawks,ATL,0,0,,,,,,0,0,,,,,,1
22,0021900066,32,5,2,1,7:21 PM,9:20,Len Lost Ball Turnover (P1.T1),,Adebayo STEAL (1 STL),,,4,203458,Alex Len,1610612737.0,Atlanta,Hawks,ATL,5,1628389,Bam Adebayo,1610612748.0,Miami,Heat,MIA,0,0,,,,,,1
23,0021900066,34,2,1,1,7:21 PM,9:11,,,MISS Robinson 24' 3PT Jump Shot,,,5,1629130,Duncan Robinson,1610612748.0,Miami,Heat,MIA,0,0,,,,,,0,0,,,,,,1
24,0021900066,35,4,0,1,7:21 PM,9:07,Hunter REBOUND (Off:0 Def:1),,,,,4,1629631,De'Andre Hunter,1610612737.0,Atlanta,Hawks,ATL,0,0,,,,,,0,0,,,,,,1
25,0021900066,36,2,103,1,7:21 PM,9:05,MISS Huerter 25' 3PT Running Pull-Up Jump Shot,,,,,4,1628989,Kevin Huerter,1610612737.0,Atlanta,Hawks,ATL,0,0,,,,,,0,0,,,,,,1
26,0021900066,37,4,0,1,7:21 PM,9:01,,,Butler REBOUND (Off:0 Def:1),,,5,202710,Jimmy Butler,1610612748.0,Miami,Heat,MIA,0,0,,,,,,0,0,,,,,,1
27,0021900066,38,1,9,1,7:21 PM,8:49,,,Nunn 1' Driving Dunk (2 PTS) (Adebayo 1 AST),4 - 5,1,5,1629134,Kendrick Nunn,1610612748.0,Miami,Heat,MIA,5,1628389,Bam Adebayo,1610612748.0,Miami,Heat,MIA,0,0,,,,,,1
28,0021900066,40,1,79,1,7:22 PM,8:29,Huerter 14' Pullup Jump Shot (2 PTS),,,4 - 7,3,4,1628989,Kevin Huerter,1610612737.0,Atlanta,Hawks,ATL,0,0,,,,,,0,0,,,,,,1
29,0021900066,41,2,86,1,7:22 PM,8:07,,,MISS Leonard 13' Turnaround Fadeaway Shot,,,5,203086,Meyers Leonard,1610612748.0,Miami,Heat,MIA,0,0,,,,,,0,0,,,,,,1
30,0021900066,42,4,0,1,7:22 PM,8:04,,,Butler REBOUND (Off:1 Def:1),,,5,202710,Jimmy Butler,1610612748.0,Miami,Heat,MIA,0,0,,,,,,0,0,,,,,,1
31,0021900066,43,2,7,1,7:22 PM,8:01,Collins BLOCK (1 BLK),,MISS Leonard 1' Dunk,,,5,203086,Meyers Leonard,1610612748.0,Miami,Heat,MIA,0,0,,,,,,4,1628381,John Collins,1610612737.0,Atlanta,Hawks,ATL,1
32,0021900066,45,4,0,1,7:22 PM,7:57,Len REBOUND (Off:0 Def:1),,,,,4,203458,Alex Len,1610612737.0,Atlanta,Hawks,ATL,0,0,,,,,,0,0,,,,,,1
33,0021900066,46,6,2,1,7:22 PM,7:55,,,Nunn S.FOUL (P1.T3) (E.Dalen),,,5,1629134,Kendrick Nunn,1610612748.0,Miami,Heat,MIA,4,1629629,Cam Reddish,1610612737.0,Atlanta,Hawks,ATL,1,0,,,,,,1
34,0021900066,48,3,11,1,7:23 PM,7:55,Reddish Free Throw 1 of 2 (3 PTS),,,4 - 8,4,4,1629629,Cam Reddish,1610612737.0,Atlanta,Hawks,ATL,0,0,,,,,,0,0,,,,,,1
35,0021900066,49,8,0,1,7:23 PM,7:55,SUB: Parker FOR Len,,,,,4,203458,Alex Len,1610612737.0,Atlanta,Hawks,ATL,4,203953,Jabari Parker,1610612737.0,Atlanta,Hawks,ATL,0,0,,,,,,0
36,0021900066,51,3,12,1,7:23 PM,7:55,Reddish Free Throw 2 of 2 (4 PTS),,,4 - 9,5,4,1629629,Cam Reddish,1610612737.0,Atlanta,Hawks,ATL,0,0,,,,,,0,0,,,,,,1
37,0021900066,52,6,2,1,7:24 PM,7:33,Parker S.FOUL (P1.T3) (E.Dalen),,,,,4,203953,Jabari Parker,1610612737.0,Atlanta,Hawks,ATL,5,1628389,Bam Adebayo,1610612748.0,Miami,Heat,MIA,1,0,,,,,,1
38,0021900066,54,3,11,1,7:24 PM,7:33,,,MISS Adebayo Free Throw 1 of 2,,,5,1628389,Bam Adebayo,1610612748.0,Miami,Heat,MIA,0,0,,,,,,0,0,,,,,,1
39,0021900066,55,4,1,1,7:24 PM,7:33,,,Heat Rebound,,,3,1610612748,,,,,,0,0,,,,,,0,0,,,,,,0
40,0021900066,56,3,12,1,7:24 PM,7:33,,,Adebayo Free Throw 2 of 2 (3 PTS),5 - 9,4,5,1628389,Bam Adebayo,1610612748.0,Miami,Heat,MIA,0,0,,,,,,0,0,,,,,,1
41,0021900066,57,1,6,1,7:25 PM,7:21,Huerter 1' Driving Layup (4 PTS),,,5 - 11,6,4,1628989,Kevin Huerter,1610612737.0,Atlanta,Hawks,ATL,0,0,,,,,,0,0,,,,,,1
42,0021900066,58,1,1,1,7:25 PM,7:05,,,Nunn 25' 3PT Jump Shot (5 PTS) (Leonard 1 AST),8 - 11,3,5,1629134,Kendrick Nunn,1610612748.0,Miami,Heat,MIA,5,203086,Meyers Leonard,1610612748.0,Miami,Heat,MIA,0,0,,,,,,1
43,0021900066,60,1,1,1,7:25 PM,6:50,Collins 26' 3PT Jump Shot (3 PTS) (Huerter 1 AST),,,8 - 14,6,4,1628381,John Collins,1610612737.0,Atlanta,Hawks,ATL,4,1628989,Kevin Huerter,1610612737.0,Atlanta,Hawks,ATL,0,0,,,,,,1
44,0021900066,62,2,1,1,7:25 PM,6:29,,,MISS Nunn  3PT Jump Shot,,,5,1629134,Kendrick Nunn,1610612748.0,Miami,Heat,MIA,0,0,,,,,,0,0,,,,,,1
45,0021900066,63,4,0,1,7:25 PM,6:27,Huerter REBOUND (Off:0 Def:2),,,,,4,1628989,Kevin Huerter,1610612737.0,Atlanta,Hawks,ATL,0,0,,,,,,0,0,,,,,,1
46,0021900066,64,2,1,1,7:26 PM,6:20,MISS Hunter 26' 3PT Jump Shot,,,,,4,1629631,De'Andre Hunter,1610612737.0,Atlanta,Hawks,ATL,0,0,,,,,,0,0,,,,,,1
47,0021900066,65,4,0,1,7:26 PM,6:15,,,Robinson REBOUND (Off:0 Def:1),,,5,1629130,Duncan Robinson,1610612748.0,Miami,Heat,MIA,0,0,,,,,,0,0,,,,,,1
48,0021900066,66,1,7,1,7:26 PM,6:09,,,Leonard 2' Dunk (2 PTS) (Adebayo 2 AST),10 - 14,4,5,203086,Meyers Leonard,1610612748.0,Miami,Heat,MIA,5,1628389,Bam Adebayo,1610612748.0,Miami,Heat,MIA,0,0,,,,,,1
49,0021900066,68,2,1,1,7:26 PM,5:54,MISS Collins 26' 3PT Jump Shot,,,,,4,1628381,John Collins,1610612737.0,Atlanta,Hawks,ATL,0,0,,,,,,0,0,,,,,,1
50,0021900066,69,4,0,1,7:26 PM,5:51,,,Butler REBOUND (Off:1 Def:2),,,5,202710,Jimmy Butler,1610612748.0,Miami,Heat,MIA,0,0,,,,,,0,0,,,,,,1
51,0021900066,70,1,44,1,7:26 PM,5:42,,,Robinson 1' Reverse Layup (2 PTS) (Butler 1 AST),12 - 14,2,5,1629130,Duncan Robinson,1610612748.0,Miami,Heat,MIA,5,202710,Jimmy Butler,1610612748.0,Miami,Heat,MIA,0,0,,,,,,1
52,0021900066,72,9,1,1,7:26 PM,5:33,HAWKS Timeout: Regular (Full 1 Short 0),,,,,2,1610612737,,,,,,0,0,,,,,,0,0,,,,,,0
53,0021900066,73,8,0,1,7:29 PM,5:33,SUB: Carter FOR Huerter,,,,,4,1628989,Kevin Huerter,1610612737.0,Atlanta,Hawks,ATL,4,1713,Vince Carter,1610612737.0,Atlanta,Hawks,ATL,0,0,,,,,,0
54,0021900066,74,8,0,1,7:29 PM,5:33,SUB: Wallace FOR Collins,,,,,4,1628381,John Collins,1610612737.0,Atlanta,Hawks,ATL,4,1627820,Tyrone Wallace,1610612737.0,Atlanta,Hawks,ATL,0,0,,,,,,0
55,0021900066,75,8,0,1,7:29 PM,5:33,SUB: Bembry FOR Reddish,,,,,4,1629629,Cam Reddish,1610612737.0,Atlanta,Hawks,ATL,4,1627761,DeAndre' Bembry,1610612737.0,Atlanta,Hawks,ATL,0,0,,,,,,0
56,0021900066,76,8,0,1,7:29 PM,5:33,,,SUB: Dragic FOR Robinson,,,5,1629130,Duncan Robinson,1610612748.0,Miami,Heat,MIA,5,201609,Goran Dragic,1610612748.0,Miami,Heat,MIA,0,0,,,,,,0
57,0021900066,81,2,73,1,7:30 PM,5:19,MISS Bembry 1' Driving Reverse Layup,,Adebayo BLOCK (1 BLK),,,4,1627761,DeAndre' Bembry,1610612737.0,Atlanta,Hawks,ATL,0,0,,,,,,5,1628389,Bam Adebayo,1610612748.0,Miami,Heat,MIA,1
58,0021900066,82,4,0,1,7:30 PM,5:16,,,Leonard REBOUND (Off:0 Def:3),,,5,203086,Meyers Leonard,1610612748.0,Miami,Heat,MIA,0,0,,,,,,0,0,,,,,,1
59,0021900066,83,1,103,1,7:30 PM,5:15,,,Nunn 25' 3PT Running Pull-Up Jump Shot (8 PTS),15 - 14,-1,5,1629134,Kendrick Nunn,1610612748.0,Miami,Heat,MIA,0,0,,,,,,0,0,,,,,,1
60,0021900066,84,2,1,1,7:31 PM,4:54,MISS Parker 25' 3PT Jump Shot,,,,,4,203953,Jabari Parker,1610612737.0,Atlanta,Hawks,ATL,0,0,,,,,,0,0,,,,,,1
61,0021900066,85,4,0,1,7:31 PM,4:51,,,Butler REBOUND (Off:1 Def:3),,,5,202710,Jimmy Butler,1610612748.0,Miami,Heat,MIA,0,0,,,,,,0,0,,,,,,1
62,0021900066,86,1,6,1,7:31 PM,4:37,,,Dragic 1' Driving Layup (2 PTS) (Butler 2 AST),17 - 14,-3,5,201609,Goran Dragic,1610612748.0,Miami,Heat,MIA,5,202710,Jimmy Butler,1610612748.0,Miami,Heat,MIA,0,0,,,,,,1
63,0021900066,88,2,1,1,7:31 PM,4:18,MISS Carter 25' 3PT Jump Shot,,,,,4,1713,Vince Carter,1610612737.0,Atlanta,Hawks,ATL,0,0,,,,,,0,0,,,,,,1
64,0021900066,89,4,0,1,7:31 PM,4:16,,,Leonard REBOUND (Off:0 Def:4),,,5,203086,Meyers Leonard,1610612748.0,Miami,Heat,MIA,0,0,,,,,,0,0,,,,,,1
65,0021900066,91,8,0,1,7:32 PM,4:03,SUB: Huerter FOR Parker,,,,,4,203953,Jabari Parker,1610612737.0,Atlanta,Hawks,ATL,4,1628989,Kevin Huerter,1610612737.0,Atlanta,Hawks,ATL,0,0,,,,,,0
66,0021900066,92,8,0,1,7:32 PM,4:03,SUB: Fernando FOR Hunter,,,,,4,1629631,De'Andre Hunter,1610612737.0,Atlanta,Hawks,ATL,4,1628981,Bruno Fernando,1610612737.0,Atlanta,Hawks,ATL,0,0,,,,,,0
67,0021900066,93,8,0,1,7:32 PM,4:03,,,SUB: Herro FOR Nunn,,,5,1629134,Kendrick Nunn,1610612748.0,Miami,Heat,MIA,5,1629639,Tyler Herro,1610612748.0,Miami,Heat,MIA,0,0,,,,,,0
68,0021900066,97,1,1,1,7:32 PM,3:53,,,Leonard 26' 3PT Jump Shot (5 PTS) (Dragic 1 AST),20 - 14,-6,5,203086,Meyers Leonard,1610612748.0,Miami,Heat,MIA,5,201609,Goran Dragic,1610612748.0,Miami,Heat,MIA,0,0,,,,,,1
69,0021900066,99,6,2,1,7:32 PM,3:36,,,Adebayo S.FOUL (P1.T4) (E.Dalen),,,5,1628389,Bam Adebayo,1610612748.0,Miami,Heat,MIA,4,1628981,Bruno Fernando,1610612737.0,Atlanta,Hawks,ATL,1,0,,,,,,1
70,0021900066,101,3,11,1,7:33 PM,3:36,Fernando Free Throw 1 of 2 (1 PTS),,,20 - 15,-5,4,1628981,Bruno Fernando,1610612737.0,Atlanta,Hawks,ATL,0,0,,,,,,0,0,,,,,,1
71,0021900066,102,3,12,1,7:33 PM,3:36,MISS Fernando Free Throw 2 of 2,,,,,4,1628981,Bruno Fernando,1610612737.0,Atlanta,Hawks,ATL,0,0,,,,,,0,0,,,,,,1
72,0021900066,103,4,0,1,7:33 PM,3:34,,,Leonard REBOUND (Off:0 Def:5),,,5,203086,Meyers Leonard,1610612748.0,Miami,Heat,MIA,0,0,,,,,,0,0,,,,,,1
73,0021900066,104,1,1,1,7:33 PM,3:21,,,Adebayo  3PT Jump Shot (6 PTS) (Butler 3 AST),23 - 15,-8,5,1628389,Bam Adebayo,1610612748.0,Miami,Heat,MIA,5,202710,Jimmy Butler,1610612748.0,Miami,Heat,MIA,0,0,,,,,,1
74,0021900066,106,5,4,1,7:34 PM,2:58,Wallace Traveling Turnover (P1.T2),,,,,4,1627820,Tyrone Wallace,1610612737.0,Atlanta,Hawks,ATL,0,0,,,,,,1,0,,,,,,1
75,0021900066,107,9,1,1,7:34 PM,2:58,,,Heat Timeout: Regular (Reg.1 Short 0),,,3,1610612748,,,,,,0,0,,,,,,0,0,,,,,,0
76,0021900066,109,8,0,1,7:37 PM,2:58,SUB: Collins FOR Wallace,,,,,4,1627820,Tyrone Wallace,1610612737.0,Atlanta,Hawks,ATL,4,1628381,John Collins,1610612737.0,Atlanta,Hawks,ATL,0,0,,,,,,0
77,0021900066,110,8,0,1,7:37 PM,2:58,SUB: Reddish FOR Carter,,,,,4,1713,Vince Carter,1610612737.0,Atlanta,Hawks,ATL,4,1629629,Cam Reddish,1610612737.0,Atlanta,Hawks,ATL,0,0,,,,,,0
78,0021900066,111,8,0,1,7:37 PM,2:58,,,SUB: Olynyk FOR Leonard,,,5,203086,Meyers Leonard,1610612748.0,Miami,Heat,MIA,5,203482,Kelly Olynyk,1610612748.0,Miami,Heat,MIA,0,0,,,,,,0
79,0021900066,115,1,108,1,7:37 PM,2:46,,,Butler 1' Cutting Dunk Shot (2 PTS) (Adebayo 3 AST),25 - 15,-10,5,202710,Jimmy Butler,1610612748.0,Miami,Heat,MIA,5,1628389,Bam Adebayo,1610612748.0,Miami,Heat,MIA,0,0,,,,,,1
80,0021900066,117,2,1,1,7:37 PM,2:38,MISS Huerter  3PT Jump Shot,,,,,4,1628989,Kevin Huerter,1610612737.0,Atlanta,Hawks,ATL,0,0,,,,,,0,0,,,,,,1
81,0021900066,118,4,0,1,7:37 PM,2:38,HAWKS Rebound,,,,,2,1610612737,,,,,,0,0,,,,,,0,0,,,,,,0
82,0021900066,119,6,3,1,7:38 PM,2:38,,,Dragic L.B.FOUL (P1.PN) (K.Lane),,,5,201609,Goran Dragic,1610612748.0,Miami,Heat,MIA,4,1627761,DeAndre' Bembry,1610612737.0,Atlanta,Hawks,ATL,1,0,,,,,,1
83,0021900066,121,3,11,1,7:38 PM,2:38,Bembry Free Throw 1 of 2 (1 PTS),,,25 - 16,-9,4,1627761,DeAndre' Bembry,1610612737.0,Atlanta,Hawks,ATL,0,0,,,,,,0,0,,,,,,1
84,0021900066,122,3,12,1,7:38 PM,2:38,MISS Bembry Free Throw 2 of 2,,,,,4,1627761,DeAndre' Bembry,1610612737.0,Atlanta,Hawks,ATL,0,0,,,,,,0,0,,,,,,1
85,0021900066,123,4,0,1,7:38 PM,2:35,,,Adebayo REBOUND (Off:1 Def:1),,,5,1628389,Bam Adebayo,1610612748.0,Miami,Heat,MIA,0,0,,,,,,0,0,,,,,,1
86,0021900066,124,1,47,1,7:38 PM,2:25,,,Adebayo 10' Turnaround Jump Shot (8 PTS) (Butler 4 AST),27 - 16,-11,5,1628389,Bam Adebayo,1610612748.0,Miami,Heat,MIA,5,202710,Jimmy Butler,1610612748.0,Miami,Heat,MIA,0,0,,,,,,1
87,0021900066,126,6,2,1,7:39 PM,2:25,Bembry S.FOUL (P1.T4) (E.Dalen),,,,,4,1627761,DeAndre' Bembry,1610612737.0,Atlanta,Hawks,ATL,5,1628389,Bam Adebayo,1610612748.0,Miami,Heat,MIA,1,0,,,,,,1
88,0021900066,128,8,0,1,7:39 PM,2:25,SUB: Hunter FOR Huerter,,,,,4,1628989,Kevin Huerter,1610612737.0,Atlanta,Hawks,ATL,4,1629631,De'Andre Hunter,1610612737.0,Atlanta,Hawks,ATL,0,0,,,,,,0
89,0021900066,130,3,10,1,7:39 PM,2:25,,,MISS Adebayo Free Throw 1 of 1,,,5,1628389,Bam Adebayo,1610612748.0,Miami,Heat,MIA,0,0,,,,,,0,0,,,,,,1
90,0021900066,131,4,0,1,7:39 PM,2:23,Bembry REBOUND (Off:0 Def:1),,,,,4,1627761,DeAndre' Bembry,1610612737.0,Atlanta,Hawks,ATL,0,0,,,,,,0,0,,,,,,1
91,0021900066,132,6,2,1,7:39 PM,2:06,,,Adebayo S.FOUL (P2.PN) (E.Dalen),,,5,1628389,Bam Adebayo,1610612748.0,Miami,Heat,MIA,4,1628381,John Collins,1610612737.0,Atlanta,Hawks,ATL,1,0,,,,,,1
92,0021900066,134,3,11,1,7:40 PM,2:06,Collins Free Throw 1 of 2 (4 PTS),,,27 - 17,-10,4,1628381,John Collins,1610612737.0,Atlanta,Hawks,ATL,0,0,,,,,,0,0,,,,,,0
93,0021900066,135,8,0,1,7:40 PM,2:06,,,SUB: Robinson FOR Adebayo,,,5,1628389,Bam Adebayo,1610612748.0,Miami,Heat,MIA,5,1629130,Duncan Robinson,1610612748.0,Miami,Heat,MIA,0,0,,,,,,0
94,0021900066,136,8,0,1,7:40 PM,2:06,,,SUB: Silva FOR Butler,,,5,202710,Jimmy Butler,1610612748.0,Miami,Heat,MIA,5,1629735,Chris Silva,1610612748.0,Miami,Heat,MIA,0,0,,,,,,0
95,0021900066,139,3,12,1,7:40 PM,2:06,Collins Free Throw 2 of 2 (5 PTS),,,27 - 18,-9,4,1628381,John Collins,1610612737.0,Atlanta,Hawks,ATL,0,0,,,,,,0,0,,,,,,1
96,0021900066,140,2,1,1,7:40 PM,1:52,,,MISS Dragic 26' 3PT Jump Shot,,,5,201609,Goran Dragic,1610612748.0,Miami,Heat,MIA,0,0,,,,,,0,0,,,,,,1
97,0021900066,141,4,0,1,7:40 PM,1:47,,,Olynyk REBOUND (Off:1 Def:0),,,5,203482,Kelly Olynyk,1610612748.0,Miami,Heat,MIA,0,0,,,,,,0,0,,,,,,1
98,0021900066,142,2,1,1,7:40 PM,1:39,,,MISS Robinson 25' 3PT Jump Shot,,,5,1629130,Duncan Robinson,1610612748.0,Miami,Heat,MIA,0,0,,,,,,0,0,,,,,,1
99,0021900066,143,4,0,1,7:41 PM,1:37,,,Heat Rebound,,,3,1610612748,,,,,,0,0,,,,,,0,0,,,,,,0
100,0021900066,145,1,80,1,7:41 PM,1:24,,,Herro 22' Step Back Jump Shot (2 PTS),29 - 18,-11,5,1629639,Tyler Herro,1610612748.0,Miami,Heat,MIA,0,0,,,,,,0,0,,,,,,1
101,0021900066,146,2,6,1,7:41 PM,1:04,MISS Collins 11' Driving Layup,,Silva BLOCK (1 BLK),,,4,1628381,John Collins,1610612737.0,Atlanta,Hawks,ATL,0,0,,,,,,5,1629735,Chris Silva,1610612748.0,Miami,Heat,MIA,1
102,0021900066,148,4,0,1,7:41 PM,0:59,Collins REBOUND (Off:1 Def:0),,,,,4,1628381,John Collins,1610612737.0,Atlanta,Hawks,ATL,0,0,,,,,,0,0,,,,,,1
103,0021900066,149,1,87,1,7:41 PM,0:59,Collins 1' Putback Dunk (7 PTS),,,29 - 20,-9,4,1628381,John Collins,1610612737.0,Atlanta,Hawks,ATL,0,0,,,,,,0,0,,,,,,1
104,0021900066,150,2,1,1,7:42 PM,0:49,,,MISS Herro  3PT Jump Shot,,,5,1629639,Tyler Herro,1610612748.0,Miami,Heat,MIA,0,0,,,,,,0,0,,,,,,1
105,0021900066,151,4,0,1,7:42 PM,0:47,Collins REBOUND (Off:1 Def:1),,,,,4,1628381,John Collins,1610612737.0,Atlanta,Hawks,ATL,0,0,,,,,,0,0,,,,,,1
106,0021900066,152,1,76,1,7:42 PM,0:43,Bembry 1' Running Finger Roll Layup (3 PTS),,,29 - 22,-7,4,1627761,DeAndre' Bembry,1610612737.0,Atlanta,Hawks,ATL,0,0,,,,,,0,0,,,,,,1
107,0021900066,153,6,1,1,7:42 PM,0:38,Collins P.FOUL (P1.PN) (K.Lane),,,,,4,1628381,John Collins,1610612737.0,Atlanta,Hawks,ATL,5,203482,Kelly Olynyk,1610612748.0,Miami,Heat,MIA,1,0,,,,,,1
108,0021900066,155,3,11,1,7:42 PM,0:38,,,MISS Olynyk Free Throw 1 of 2,,,5,203482,Kelly Olynyk,1610612748.0,Miami,Heat,MIA,0,0,,,,,,0,0,,,,,,1
109,0021900066,156,4,1,1,7:42 PM,0:38,,,Heat Rebound,,,3,1610612748,,,,,,0,0,,,,,,0,0,,,,,,0
110,0021900066,157,8,0,1,7:42 PM,0:38,SUB: Parker FOR Fernando,,,,,4,1628981,Bruno Fernando,1610612737.0,Atlanta,Hawks,ATL,4,203953,Jabari Parker,1610612737.0,Atlanta,Hawks,ATL,0,0,,,,,,0
111,0021900066,159,3,12,1,7:43 PM,0:38,,,Olynyk Free Throw 2 of 2 (1 PTS),30 - 22,-8,5,203482,Kelly Olynyk,1610612748.0,Miami,Heat,MIA,0,0,,,,,,0,0,,,,,,0
112,0021900066,160,1,6,1,7:43 PM,0:28,Parker 1' Driving Layup (2 PTS) (Bembry 1 AST),,,30 - 24,-6,4,203953,Jabari Parker,1610612737.0,Atlanta,Hawks,ATL,4,1627761,DeAndre' Bembry,1610612737.0,Atlanta,Hawks,ATL,0,0,,,,,,1
113,0021900066,162,2,6,1,7:43 PM,0:08,Reddish BLOCK (1 BLK),,MISS Dragic 3' Driving Layup,,,5,201609,Goran Dragic,1610612748.0,Miami,Heat,MIA,0,0,,,,,,4,1629629,Cam Reddish,1610612737.0,Atlanta,Hawks,ATL,1
114,0021900066,164,4,0,1,7:43 PM,0:05,Reddish REBOUND (Off:0 Def:3),,,,,4,1629629,Cam Reddish,1610612737.0,Atlanta,Hawks,ATL,0,0,,,,,,0,0,,,,,,1
115,0021900066,165,1,50,1,7:43 PM,0:04,Bembry 1' Running Dunk (5 PTS) (Reddish 2 AST),,,30 - 26,-4,4,1627761,DeAndre' Bembry,1610612737.0,Atlanta,Hawks,ATL,4,1629629,Cam Reddish,1610612737.0,Atlanta,Hawks,ATL,0,0,,,,,,1
116,0021900066,167,2,5,1,7:44 PM,0:00,,,MISS Olynyk 8' Layup,,,5,203482,Kelly Olynyk,1610612748.0,Miami,Heat,MIA,0,0,,,,,,0,0,,,,,,1
117,0021900066,168,4,0,1,7:44 PM,0:00,,,Heat Rebound,,,3,1610612748,,,,,,0,0,,,,,,0,0,,,,,,0
118,0021900066,169,13,0,1,7:44 PM,0:00,,,,30 - 26,-4,0,0,,,,,,0,0,,,,,,0,0,,,,,,1
119,0021900066,174,12,0,2,7:47 PM,12:00,,,,30 - 26,-4,0,0,,,,,,0,0,,,,,,0,0,,,,,,0
120,0021900066,175,2,80,2,7:48 PM,11:40,,,MISS Herro 20' Step Back Jump Shot,,,5,1629639,Tyler Herro,1610612748.0,Miami,Heat,MIA,0,0,,,,,,0,0,,,,,,0
121,0021900066,176,4,0,2,7:48 PM,11:36,Len REBOUND (Off:0 Def:2),,,,,4,203458,Alex Len,1610612737.0,Atlanta,Hawks,ATL,0,0,,,,,,0,0,,,,,,0
122,0021900066,177,2,1,2,7:48 PM,11:13,MISS Len 26' 3PT Jump Shot,,,,,4,203458,Alex Len,1610612737.0,Atlanta,Hawks,ATL,0,0,,,,,,0,0,,,,,,1
123,0021900066,178,4,0,2,7:48 PM,11:09,,,Dragic REBOUND (Off:0 Def:1),,,5,201609,Goran Dragic,1610612748.0,Miami,Heat,MIA,0,0,,,,,,0,0,,,,,,1
124,0021900066,179,2,1,2,7:48 PM,11:03,,,MISS Herro 25' 3PT Jump Shot,,,5,1629639,Tyler Herro,1610612748.0,Miami,Heat,MIA,0,0,,,,,,0,0,,,,,,1
125,0021900066,180,4,0,2,7:48 PM,10:58,,,Olynyk REBOUND (Off:2 Def:0),,,5,203482,Kelly Olynyk,1610612748.0,Miami,Heat,MIA,0,0,,,,,,0,0,,,,,,1
126,0021900066,181,1,1,2,7:48 PM,10:57,,,Herro 26' 3PT Jump Shot (5 PTS) (Dragic 2 AST),33 - 26,-7,5,1629639,Tyler Herro,1610612748.0,Miami,Heat,MIA,5,201609,Goran Dragic,1610612748.0,Miami,Heat,MIA,0,0,,,,,,1
127,0021900066,183,9,1,2,7:48 PM,10:55,HAWKS Timeout: Regular (Full 2 Short 0),,,,,2,1610612737,,,,,,0,0,,,,,,0,0,,,,,,0
128,0021900066,185,2,75,2,7:52 PM,10:40,MISS Bembry 2' Driving Finger Roll Layup,,,,,4,1627761,DeAndre' Bembry,1610612737.0,Atlanta,Hawks,ATL,0,0,,,,,,0,0,,,,,,0
129,0021900066,186,4,0,2,7:52 PM,10:38,HAWKS Rebound,,,,,2,1610612737,,,,,,0,0,,,,,,0,0,,,,,,0
130,0021900066,189,5,1,2,7:53 PM,10:28,Bembry Bad Pass Turnover (P1.T3),,Silva STEAL (1 STL),,,4,1627761,DeAndre' Bembry,1610612737.0,Atlanta,Hawks,ATL,5,1629735,Chris Silva,1610612748.0,Miami,Heat,MIA,0,0,,,,,,1
131,0021900066,191,5,39,2,7:53 PM,10:28,,,Silva Step Out of Bounds Turnover (P1.T1),,,5,1629735,Chris Silva,1610612748.0,Miami,Heat,MIA,0,0,,,,,,1,0,,,,,,1
132,0021900066,192,6,4,2,7:53 PM,10:28,Len OFF.Foul (P2) (T.Brothers),,,,,4,203458,Alex Len,1610612737.0,Atlanta,Hawks,ATL,5,201609,Goran Dragic,1610612748.0,Miami,Heat,MIA,1,0,,,,,,1
133,0021900066,194,5,37,2,7:53 PM,10:28,Len Offensive Foul Turnover (P2.T4),,,,,4,203458,Alex Len,1610612737.0,Atlanta,Hawks,ATL,0,0,,,,,,1,0,,,,,,1
134,0021900066,195,2,1,2,7:54 PM,10:10,,,MISS Robinson 25' 3PT Jump Shot,,,5,1629130,Duncan Robinson,1610612748.0,Miami,Heat,MIA,0,0,,,,,,0,0,,,,,,1
135,0021900066,196,4,0,2,7:54 PM,10:07,Bembry REBOUND (Off:0 Def:2),,,,,4,1627761,DeAndre' Bembry,1610612737.0,Atlanta,Hawks,ATL,0,0,,,,,,0,0,,,,,,1
136,0021900066,197,5,2,2,7:54 PM,10:01,Parker Lost Ball Turnover (P1.T5),,Herro STEAL (1 STL),,,4,203953,Jabari Parker,1610612737.0,Atlanta,Hawks,ATL,5,1629639,Tyler Herro,1610612748.0,Miami,Heat,MIA,0,0,,,,,,1
137,0021900066,199,1,41,2,7:54 PM,9:56,,,Robinson 1' Running Layup (4 PTS) (Herro 1 AST),35 - 26,-9,5,1629130,Duncan Robinson,1610612748.0,Miami,Heat,MIA,5,1629639,Tyler Herro,1610612748.0,Miami,Heat,MIA,0,0,,,,,,1
138,0021900066,201,2,1,2,7:54 PM,9:42,MISS Len 25' 3PT Jump Shot,,,,,4,203458,Alex Len,1610612737.0,Atlanta,Hawks,ATL,0,0,,,,,,0,0,,,,,,1
139,0021900066,202,4,0,2,7:54 PM,9:40,,,Heat Rebound,,,3,1610612748,,,,,,0,0,,,,,,0,0,,,,,,0
140,0021900066,204,2,1,2,7:55 PM,9:31,,,MISS Olynyk 26' 3PT Jump Shot,,,5,203482,Kelly Olynyk,1610612748.0,Miami,Heat,MIA,0,0,,,,,,0,0,,,,,,1
141,0021900066,205,4,0,2,7:55 PM,9:28,Bembry REBOUND (Off:0 Def:3),,,,,4,1627761,DeAndre' Bembry,1610612737.0,Atlanta,Hawks,ATL,0,0,,,,,,0,0,,,,,,1
142,0021900066,206,5,45,2,7:55 PM,9:21,Bembry Out of Bounds - Bad Pass Turnover Turnover (P2.T6),,,,,4,1627761,DeAndre' Bembry,1610612737.0,Atlanta,Hawks,ATL,0,0,,,,,,1,0,,,,,,1
143,0021900066,208,8,0,2,7:55 PM,9:09,SUB: Hunter FOR Bembry,,,,,4,1627761,DeAndre' Bembry,1610612737.0,Atlanta,Hawks,ATL,4,1629631,De'Andre Hunter,1610612737.0,Atlanta,Hawks,ATL,0,0,,,,,,0
144,0021900066,209,8,0,2,7:55 PM,9:09,SUB: Huerter FOR Carter,,,,,4,1713,Vince Carter,1610612737.0,Atlanta,Hawks,ATL,4,1628989,Kevin Huerter,1610612737.0,Atlanta,Hawks,ATL,0,0,,,,,,0
145,0021900066,212,2,79,2,7:56 PM,9:00,,,MISS Dragic 26' 3PT Pullup Jump Shot,,,5,201609,Goran Dragic,1610612748.0,Miami,Heat,MIA,0,0,,,,,,0,0,,,,,,1
146,0021900066,213,4,0,2,7:56 PM,8:56,,,Silva REBOUND (Off:1 Def:0),,,5,1629735,Chris Silva,1610612748.0,Miami,Heat,MIA,0,0,,,,,,0,0,,,,,,1
147,0021900066,214,1,72,2,7:56 PM,8:56,,,Silva 2' Putback Layup (2 PTS),37 - 26,-11,5,1629735,Chris Silva,1610612748.0,Miami,Heat,MIA,0,0,,,,,,0,0,,,,,,1
148,0021900066,215,1,6,2,7:56 PM,8:43,Reddish 1' Driving Layup (6 PTS),,,37 - 28,-9,4,1629629,Cam Reddish,1610612737.0,Atlanta,Hawks,ATL,0,0,,,,,,0,0,,,,,,1
149,0021900066,216,1,1,2,7:56 PM,8:26,,,Olynyk 25' 3PT Jump Shot (4 PTS) (Silva 1 AST),40 - 28,-12,5,203482,Kelly Olynyk,1610612748.0,Miami,Heat,MIA,5,1629735,Chris Silva,1610612748.0,Miami,Heat,MIA,0,0,,,,,,1
150,0021900066,218,1,102,2,7:57 PM,8:11,Parker 5' Driving Floating Bank Jump Shot (4 PTS) (Reddish 3 AST),,,40 - 30,-10,4,203953,Jabari Parker,1610612737.0,Atlanta,Hawks,ATL,4,1629629,Cam Reddish,1610612737.0,Atlanta,Hawks,ATL,0,0,,,,,,1
151,0021900066,220,5,39,2,7:57 PM,7:54,,,Herro Step Out of Bounds Turnover (P1.T2),,,5,1629639,Tyler Herro,1610612748.0,Miami,Heat,MIA,0,0,,,,,,1,0,,,,,,1
152,0021900066,221,8,0,2,7:57 PM,7:54,SUB: Collins FOR Len,,,,,4,203458,Alex Len,1610612737.0,Atlanta,Hawks,ATL,4,1628381,John Collins,1610612737.0,Atlanta,Hawks,ATL,0,0,,,,,,0
153,0021900066,223,2,1,2,7:57 PM,7:40,MISS Hunter 24' 3PT Jump Shot,,,,,4,1629631,De'Andre Hunter,1610612737.0,Atlanta,Hawks,ATL,0,0,,,,,,0,0,,,,,,1
154,0021900066,224,4,0,2,7:57 PM,7:39,Parker REBOUND (Off:1 Def:0),,,,,4,203953,Jabari Parker,1610612737.0,Atlanta,Hawks,ATL,0,0,,,,,,0,0,,,,,,1
155,0021900066,225,2,97,2,7:57 PM,7:39,MISS Parker 1' Tip Layup Shot,,,,,4,203953,Jabari Parker,1610612737.0,Atlanta,Hawks,ATL,0,0,,,,,,0,0,,,,,,1
156,0021900066,226,4,0,2,7:57 PM,7:39,Parker REBOUND (Off:2 Def:0),,,,,4,203953,Jabari Parker,1610612737.0,Atlanta,Hawks,ATL,0,0,,,,,,0,0,,,,,,1
157,0021900066,227,6,2,2,7:57 PM,7:36,,,Silva S.FOUL (P1.T1) (E.Dalen),,,5,1629735,Chris Silva,1610612748.0,Miami,Heat,MIA,4,203953,Jabari Parker,1610612737.0,Atlanta,Hawks,ATL,1,0,,,,,,1
158,0021900066,229,3,11,2,7:58 PM,7:36,MISS Parker Free Throw 1 of 2,,,,,4,203953,Jabari Parker,1610612737.0,Atlanta,Hawks,ATL,0,0,,,,,,0,0,,,,,,1
159,0021900066,230,4,1,2,7:58 PM,7:36,HAWKS Rebound,,,,,2,1610612737,,,,,,0,0,,,,,,0,0,,,,,,0
160,0021900066,231,3,12,2,7:58 PM,7:36,Parker Free Throw 2 of 2 (5 PTS),,,40 - 31,-9,4,203953,Jabari Parker,1610612737.0,Atlanta,Hawks,ATL,0,0,,,,,,0,0,,,,,,0
161,0021900066,232,2,79,2,7:58 PM,7:19,,,MISS Dragic 26' 3PT Pullup Jump Shot,,,5,201609,Goran Dragic,1610612748.0,Miami,Heat,MIA,0,0,,,,,,0,0,,,,,,1
162,0021900066,233,4,0,2,7:58 PM,7:14,Reddish REBOUND (Off:0 Def:4),,,,,4,1629629,Cam Reddish,1610612737.0,Atlanta,Hawks,ATL,0,0,,,,,,0,0,,,,,,1
163,0021900066,234,6,2,2,7:58 PM,7:14,,,Herro S.FOUL (P1.T2) (T.Brothers),,,5,1629639,Tyler Herro,1610612748.0,Miami,Heat,MIA,4,203953,Jabari Parker,1610612737.0,Atlanta,Hawks,ATL,1,0,,,,,,1
164,0021900066,236,3,11,2,7:59 PM,7:14,Parker Free Throw 1 of 2 (6 PTS),,,40 - 32,-8,4,203953,Jabari Parker,1610612737.0,Atlanta,Hawks,ATL,0,0,,,,,,0,0,,,,,,1
165,0021900066,237,3,12,2,7:59 PM,7:14,Parker Free Throw 2 of 2 (7 PTS),,,40 - 33,-7,4,203953,Jabari Parker,1610612737.0,Atlanta,Hawks,ATL,0,0,,,,,,0,0,,,,,,0
166,0021900066,238,2,79,2,7:59 PM,6:53,Hunter BLOCK (1 BLK),,MISS Herro 9' Pullup Jump Shot,,,5,1629639,Tyler Herro,1610612748.0,Miami,Heat,MIA,0,0,,,,,,4,1629631,De'Andre Hunter,1610612737.0,Atlanta,Hawks,ATL,1
167,0021900066,240,4,0,2,7:59 PM,6:49,,,Silva REBOUND (Off:2 Def:0),,,5,1629735,Chris Silva,1610612748.0,Miami,Heat,MIA,0,0,,,,,,0,0,,,,,,1
168,0021900066,241,1,6,2,7:59 PM,6:47,,,Silva 2' Driving Layup (4 PTS),42 - 33,-9,5,1629735,Chris Silva,1610612748.0,Miami,Heat,MIA,0,0,,,,,,0,0,,,,,,1
169,0021900066,242,6,2,2,8:00 PM,6:40,,,Silva S.FOUL (P2.T3) (E.Dalen),,,5,1629735,Chris Silva,1610612748.0,Miami,Heat,MIA,4,203953,Jabari Parker,1610612737.0,Atlanta,Hawks,ATL,1,0,,,,,,1
170,0021900066,244,3,11,2,8:00 PM,6:40,MISS Parker Free Throw 1 of 2,,,,,4,203953,Jabari Parker,1610612737.0,Atlanta,Hawks,ATL,0,0,,,,,,0,0,,,,,,1
171,0021900066,245,4,1,2,8:00 PM,6:40,HAWKS Rebound,,,,,2,1610612737,,,,,,0,0,,,,,,0,0,,,,,,0
172,0021900066,252,3,12,2,8:00 PM,6:40,MISS Parker Free Throw 2 of 2,,,,,4,203953,Jabari Parker,1610612737.0,Atlanta,Hawks,ATL,0,0,,,,,,0,0,,,,,,1
173,0021900066,246,8,0,2,8:00 PM,6:40,,,SUB: Adebayo FOR Dragic,,,5,201609,Goran Dragic,1610612748.0,Miami,Heat,MIA,5,1628389,Bam Adebayo,1610612748.0,Miami,Heat,MIA,0,0,,,,,,0
174,0021900066,247,8,0,2,8:00 PM,6:40,,,SUB: Butler FOR Silva,,,5,1629735,Chris Silva,1610612748.0,Miami,Heat,MIA,5,202710,Jimmy Butler,1610612748.0,Miami,Heat,MIA,0,0,,,,,,0
175,0021900066,248,8,0,2,8:00 PM,6:40,,,SUB: Nunn FOR Robinson,,,5,1629130,Duncan Robinson,1610612748.0,Miami,Heat,MIA,5,1629134,Kendrick Nunn,1610612748.0,Miami,Heat,MIA,0,0,,,,,,0
176,0021900066,253,4,0,2,8:00 PM,6:37,Collins REBOUND (Off:2 Def:1),,,,,4,1628381,John Collins,1610612737.0,Atlanta,Hawks,ATL,0,0,,,,,,0,0,,,,,,1
177,0021900066,254,2,102,2,8:00 PM,6:33,MISS Reddish 5' Driving Floating Bank Jump Shot,,,,,4,1629629,Cam Reddish,1610612737.0,Atlanta,Hawks,ATL,0,0,,,,,,0,0,,,,,,1
178,0021900066,255,4,0,2,8:01 PM,6:28,,,Olynyk REBOUND (Off:2 Def:1),,,5,203482,Kelly Olynyk,1610612748.0,Miami,Heat,MIA,0,0,,,,,,0,0,,,,,,1
179,0021900066,256,1,6,2,8:01 PM,6:20,,,Olynyk 1' Driving Layup (6 PTS) (Herro 2 AST),44 - 33,-11,5,203482,Kelly Olynyk,1610612748.0,Miami,Heat,MIA,5,1629639,Tyler Herro,1610612748.0,Miami,Heat,MIA,0,0,,,,,,1
180,0021900066,258,2,1,2,8:01 PM,6:03,MISS Collins  3PT Jump Shot,,,,,4,1628381,John Collins,1610612737.0,Atlanta,Hawks,ATL,0,0,,,,,,0,0,,,,,,1
181,0021900066,259,4,0,2,8:01 PM,6:01,,,Butler REBOUND (Off:1 Def:4),,,5,202710,Jimmy Butler,1610612748.0,Miami,Heat,MIA,0,0,,,,,,0,0,,,,,,1
182,0021900066,260,1,5,2,8:01 PM,5:45,,,Adebayo 2' Layup (10 PTS) (Herro 3 AST),46 - 33,-13,5,1628389,Bam Adebayo,1610612748.0,Miami,Heat,MIA,5,1629639,Tyler Herro,1610612748.0,Miami,Heat,MIA,0,0,,,,,,1
183,0021900066,262,2,6,2,8:02 PM,5:27,MISS Reddish 2' Driving Layup,,,,,4,1629629,Cam Reddish,1610612737.0,Atlanta,Hawks,ATL,0,0,,,,,,0,0,,,,,,1
184,0021900066,263,4,0,2,8:02 PM,5:24,,,Butler REBOUND (Off:1 Def:5),,,5,202710,Jimmy Butler,1610612748.0,Miami,Heat,MIA,0,0,,,,,,0,0,,,,,,1
185,0021900066,264,2,2,2,8:02 PM,5:22,,,MISS Herro  3PT Running Jump Shot,,,5,1629639,Tyler Herro,1610612748.0,Miami,Heat,MIA,0,0,,,,,,0,0,,,,,,1
186,0021900066,265,4,0,2,8:02 PM,5:19,Collins REBOUND (Off:2 Def:2),,,,,4,1628381,John Collins,1610612737.0,Atlanta,Hawks,ATL,0,0,,,,,,0,0,,,,,,1
187,0021900066,266,2,75,2,8:02 PM,5:06,MISS Hunter 3' Driving Finger Roll Layup,,,,,4,1629631,De'Andre Hunter,1610612737.0,Atlanta,Hawks,ATL,0,0,,,,,,0,0,,,,,,1
188,0021900066,267,4,0,2,8:02 PM,5:01,,,Butler REBOUND (Off:1 Def:6),,,5,202710,Jimmy Butler,1610612748.0,Miami,Heat,MIA,0,0,,,,,,0,0,,,,,,1
189,0021900066,268,2,101,2,8:02 PM,4:57,,,MISS Butler 7' Driving Floating Jump Shot,,,5,202710,Jimmy Butler,1610612748.0,Miami,Heat,MIA,0,0,,,,,,0,0,,,,,,1
190,0021900066,269,4,0,2,8:02 PM,4:53,Parker REBOUND (Off:2 Def:1),,,,,4,203953,Jabari Parker,1610612737.0,Atlanta,Hawks,ATL,0,0,,,,,,0,0,,,,,,1
191,0021900066,270,2,79,2,8:02 PM,4:45,MISS Huerter 25' 3PT Pullup Jump Shot,,,,,4,1628989,Kevin Huerter,1610612737.0,Atlanta,Hawks,ATL,0,0,,,,,,0,0,,,,,,1
192,0021900066,271,4,0,2,8:02 PM,4:40,,,Herro REBOUND (Off:0 Def:1),,,5,1629639,Tyler Herro,1610612748.0,Miami,Heat,MIA,0,0,,,,,,0,0,,,,,,1
193,0021900066,272,1,103,2,8:02 PM,4:37,,,Herro 13' Running Pull-Up Jump Shot (7 PTS),48 - 33,-15,5,1629639,Tyler Herro,1610612748.0,Miami,Heat,MIA,0,0,,,,,,0,0,,,,,,1
194,0021900066,273,9,1,2,8:03 PM,4:37,HAWKS Timeout: Regular (Full 3 Short 0),,,,,2,1610612737,,,,,,0,0,,,,,,0,0,,,,,,0
195,0021900066,274,8,0,2,8:05 PM,4:37,SUB: Wallace FOR Huerter,,,,,4,1628989,Kevin Huerter,1610612737.0,Atlanta,Hawks,ATL,4,1627820,Tyrone Wallace,1610612737.0,Atlanta,Hawks,ATL,0,0,,,,,,0
196,0021900066,275,8,0,2,8:05 PM,4:37,SUB: Fernando FOR Parker,,,,,4,203953,Jabari Parker,1610612737.0,Atlanta,Hawks,ATL,4,1628981,Bruno Fernando,1610612737.0,Atlanta,Hawks,ATL,0,0,,,,,,0
197,0021900066,276,8,0,2,8:05 PM,4:37,SUB: Bembry FOR Reddish,,,,,4,1629629,Cam Reddish,1610612737.0,Atlanta,Hawks,ATL,4,1627761,DeAndre' Bembry,1610612737.0,Atlanta,Hawks,ATL,0,0,,,,,,0
198,0021900066,280,2,1,2,8:06 PM,4:23,MISS Hunter 26' 3PT Jump Shot,,,,,4,1629631,De'Andre Hunter,1610612737.0,Atlanta,Hawks,ATL,0,0,,,,,,0,0,,,,,,1
199,0021900066,281,4,0,2,8:06 PM,4:20,Bembry REBOUND (Off:1 Def:3),,,,,4,1627761,DeAndre' Bembry,1610612737.0,Atlanta,Hawks,ATL,0,0,,,,,,0,0,,,,,,1
200,0021900066,282,2,1,2,8:06 PM,4:17,MISS Wallace 25' 3PT Jump Shot,,,,,4,1627820,Tyrone Wallace,1610612737.0,Atlanta,Hawks,ATL,0,0,,,,,,0,0,,,,,,1
201,0021900066,283,4,0,2,8:06 PM,4:12,Hunter REBOUND (Off:1 Def:1),,,,,4,1629631,De'Andre Hunter,1610612737.0,Atlanta,Hawks,ATL,0,0,,,,,,0,0,,,,,,1
202,0021900066,284,6,2,2,8:06 PM,4:11,,,Olynyk S.FOUL (P1.T4) (T.Brothers),,,5,203482,Kelly Olynyk,1610612748.0,Miami,Heat,MIA,4,1627761,DeAndre' Bembry,1610612737.0,Atlanta,Hawks,ATL,1,0,,,,,,1
203,0021900066,286,3,11,2,8:07 PM,4:11,MISS Bembry Free Throw 1 of 2,,,,,4,1627761,DeAndre' Bembry,1610612737.0,Atlanta,Hawks,ATL,0,0,,,,,,0,0,,,,,,1
204,0021900066,287,4,1,2,8:07 PM,4:11,HAWKS Rebound,,,,,2,1610612737,,,,,,0,0,,,,,,0,0,,,,,,0
205,0021900066,290,3,12,2,8:07 PM,4:11,MISS Bembry Free Throw 2 of 2,,,,,4,1627761,DeAndre' Bembry,1610612737.0,Atlanta,Hawks,ATL,0,0,,,,,,0,0,,,,,,1
206,0021900066,288,8,0,2,8:07 PM,4:11,SUB: Jones FOR Fernando,,,,,4,1628981,Bruno Fernando,1610612737.0,Atlanta,Hawks,ATL,4,1627745,Damian Jones,1610612737.0,Atlanta,Hawks,ATL,0,0,,,,,,0
207,0021900066,291,4,0,2,8:07 PM,4:05,,,Olynyk REBOUND (Off:2 Def:2),,,5,203482,Kelly Olynyk,1610612748.0,Miami,Heat,MIA,0,0,,,,,,0,0,,,,,,1
208,0021900066,292,5,2,2,8:07 PM,3:54,Hunter STEAL (1 STL),,Butler Lost Ball Turnover (P1.T3),,,5,202710,Jimmy Butler,1610612748.0,Miami,Heat,MIA,4,1629631,De'Andre Hunter,1610612737.0,Atlanta,Hawks,ATL,0,0,,,,,,1
209,0021900066,294,1,41,2,8:07 PM,3:48,Wallace 2' Running Layup (2 PTS),,,48 - 35,-13,4,1627820,Tyrone Wallace,1610612737.0,Atlanta,Hawks,ATL,0,0,,,,,,0,0,,,,,,1
210,0021900066,295,2,102,2,8:08 PM,3:37,,,MISS Herro 25' 3PT Driving Floating Bank Jump Shot,,,5,1629639,Tyler Herro,1610612748.0,Miami,Heat,MIA,0,0,,,,,,0,0,,,,,,1
211,0021900066,296,4,0,2,8:08 PM,3:33,Bembry REBOUND (Off:1 Def:4),,,,,4,1627761,DeAndre' Bembry,1610612737.0,Atlanta,Hawks,ATL,0,0,,,,,,0,0,,,,,,1
212,0021900066,297,5,2,2,8:08 PM,3:24,Bembry Lost Ball Turnover (P3.T7),,Butler STEAL (1 STL),,,4,1627761,DeAndre' Bembry,1610612737.0,Atlanta,Hawks,ATL,5,202710,Jimmy Butler,1610612748.0,Miami,Heat,MIA,0,0,,,,,,1
213,0021900066,299,6,2,2,8:08 PM,3:21,Wallace S.FOUL (P1.T1) (T.Brothers),,,,,4,1627820,Tyrone Wallace,1610612737.0,Atlanta,Hawks,ATL,5,1628389,Bam Adebayo,1610612748.0,Miami,Heat,MIA,1,0,,,,,,1
214,0021900066,302,9,7,2,8:08 PM,3:21,,,Heat Timeout: Coach Challenge (Reg.1 Short 0),,,3,1610612748,,,,,,0,0,,,,,,0,0,,,,,,0
215,0021900066,303,18,5,2,8:08 PM,3:21,,,,48 - 35,-13,0,299,Glenn Robinson,,,,,0,0,,,,,,1,0,,,,,,0
216,0021900066,304,8,0,2,8:10 PM,3:21,SUB: Carter FOR Hunter,,,,,4,1629631,De'Andre Hunter,1610612737.0,Atlanta,Hawks,ATL,4,1713,Vince Carter,1610612737.0,Atlanta,Hawks,ATL,0,0,,,,,,0
217,0021900066,306,3,11,2,8:11 PM,3:21,,,Adebayo Free Throw 1 of 2 (11 PTS),49 - 35,-14,5,1628389,Bam Adebayo,1610612748.0,Miami,Heat,MIA,0,0,,,,,,0,0,,,,,,1
218,0021900066,307,3,12,2,8:11 PM,3:21,,,MISS Adebayo Free Throw 2 of 2,,,5,1628389,Bam Adebayo,1610612748.0,Miami,Heat,MIA,0,0,,,,,,0,0,,,,,,1
219,0021900066,308,4,0,2,8:11 PM,3:18,Collins REBOUND (Off:2 Def:3),,,,,4,1628381,John Collins,1610612737.0,Atlanta,Hawks,ATL,0,0,,,,,,0,0,,,,,,1
220,0021900066,309,1,6,2,8:11 PM,3:07,Wallace 2' Driving Layup (4 PTS),,,49 - 37,-12,4,1627820,Tyrone Wallace,1610612737.0,Atlanta,Hawks,ATL,0,0,,,,,,0,0,,,,,,1
221,0021900066,310,2,80,2,8:11 PM,2:50,,,MISS Butler 20' Step Back Jump Shot,,,5,202710,Jimmy Butler,1610612748.0,Miami,Heat,MIA,0,0,,,,,,0,0,,,,,,1
222,0021900066,311,4,0,2,8:11 PM,2:47,Jones REBOUND (Off:0 Def:1),,,,,4,1627745,Damian Jones,1610612737.0,Atlanta,Hawks,ATL,0,0,,,,,,0,0,,,,,,1
223,0021900066,312,1,101,2,8:12 PM,2:36,Wallace 9' Driving Floating Jump Shot (6 PTS) (Bembry 2 AST),,,49 - 39,-10,4,1627820,Tyrone Wallace,1610612737.0,Atlanta,Hawks,ATL,4,1627761,DeAndre' Bembry,1610612737.0,Atlanta,Hawks,ATL,0,0,,,,,,1
224,0021900066,314,6,26,2,8:12 PM,2:21,,,Butler Offensive Charge Foul (P1.PN) (K.Lane),,,5,202710,Jimmy Butler,1610612748.0,Miami,Heat,MIA,4,1627820,Tyrone Wallace,1610612737.0,Atlanta,Hawks,ATL,1,0,,,,,,1
225,0021900066,316,5,37,2,8:12 PM,2:21,,,Butler Offensive Foul Turnover (P2.T4),,,5,202710,Jimmy Butler,1610612748.0,Miami,Heat,MIA,0,0,,,,,,1,0,,,,,,1
226,0021900066,317,1,6,2,8:13 PM,2:04,Bembry 1' Driving Layup (7 PTS),,,49 - 41,-8,4,1627761,DeAndre' Bembry,1610612737.0,Atlanta,Hawks,ATL,0,0,,,,,,0,0,,,,,,1
227,0021900066,318,6,2,2,8:13 PM,1:52,Carter S.FOUL (P1.T2) (K.Lane),,,,,4,1713,Vince Carter,1610612737.0,Atlanta,Hawks,ATL,5,202710,Jimmy Butler,1610612748.0,Miami,Heat,MIA,1,0,,,,,,1
228,0021900066,320,3,11,2,8:13 PM,1:52,,,MISS Butler Free Throw 1 of 2,,,5,202710,Jimmy Butler,1610612748.0,Miami,Heat,MIA,0,0,,,,,,0,0,,,,,,1
229,0021900066,321,4,1,2,8:13 PM,1:52,,,Heat Rebound,,,3,1610612748,,,,,,0,0,,,,,,0,0,,,,,,0
230,0021900066,322,3,12,2,8:14 PM,1:52,,,Butler Free Throw 2 of 2 (3 PTS),50 - 41,-9,5,202710,Jimmy Butler,1610612748.0,Miami,Heat,MIA,0,0,,,,,,0,0,,,,,,1
231,0021900066,323,2,5,2,8:14 PM,1:37,MISS Jones 6' Layup,,,,,4,1627745,Damian Jones,1610612737.0,Atlanta,Hawks,ATL,0,0,,,,,,0,0,,,,,,1
232,0021900066,324,4,0,2,8:14 PM,1:32,Bembry REBOUND (Off:2 Def:4),,,,,4,1627761,DeAndre' Bembry,1610612737.0,Atlanta,Hawks,ATL,0,0,,,,,,0,0,,,,,,1
233,0021900066,325,1,52,2,8:14 PM,1:31,Jones 1' Alley Oop Dunk (2 PTS) (Bembry 3 AST),,,50 - 43,-7,4,1627745,Damian Jones,1610612737.0,Atlanta,Hawks,ATL,4,1627761,DeAndre' Bembry,1610612737.0,Atlanta,Hawks,ATL,0,0,,,,,,1
234,0021900066,327,2,80,2,8:14 PM,1:18,,,MISS Nunn 14' Step Back Jump Shot,,,5,1629134,Kendrick Nunn,1610612748.0,Miami,Heat,MIA,0,0,,,,,,0,0,,,,,,1
235,0021900066,328,4,0,2,8:14 PM,1:15,Jones REBOUND (Off:0 Def:2),,,,,4,1627745,Damian Jones,1610612737.0,Atlanta,Hawks,ATL,0,0,,,,,,0,0,,,,,,1
236,0021900066,329,1,101,2,8:14 PM,1:09,Bembry 9' Driving Floating Jump Shot (9 PTS),,,50 - 45,-5,4,1627761,DeAndre' Bembry,1610612737.0,Atlanta,Hawks,ATL,0,0,,,,,,0,0,,,,,,1
237,0021900066,330,9,1,2,8:15 PM,0:59,,,Heat Timeout: Regular (Reg.2 Short 0),,,3,1610612748,,,,,,0,0,,,,,,0,0,,,,,,0
238,0021900066,331,8,0,2,8:16 PM,0:59,,,SUB: Silva FOR Olynyk,,,5,203482,Kelly Olynyk,1610612748.0,Miami,Heat,MIA,5,1629735,Chris Silva,1610612748.0,Miami,Heat,MIA,0,0,,,,,,0
239,0021900066,332,8,0,2,8:16 PM,0:59,,,SUB: Robinson FOR Adebayo,,,5,1628389,Bam Adebayo,1610612748.0,Miami,Heat,MIA,5,1629130,Duncan Robinson,1610612748.0,Miami,Heat,MIA,0,0,,,,,,0
240,0021900066,335,6,2,2,8:17 PM,0:46,Collins S.FOUL (P2.PN) (T.Brothers),,,,,4,1628381,John Collins,1610612737.0,Atlanta,Hawks,ATL,5,1629134,Kendrick Nunn,1610612748.0,Miami,Heat,MIA,1,0,,,,,,1
241,0021900066,337,3,11,2,8:17 PM,0:46,,,Nunn Free Throw 1 of 2 (9 PTS),51 - 45,-6,5,1629134,Kendrick Nunn,1610612748.0,Miami,Heat,MIA,0,0,,,,,,0,0,,,,,,0
242,0021900066,338,3,12,2,8:17 PM,0:46,,,Nunn Free Throw 2 of 2 (10 PTS),52 - 45,-7,5,1629134,Kendrick Nunn,1610612748.0,Miami,Heat,MIA,0,0,,,,,,0,0,,,,,,1
243,0021900066,339,2,1,2,8:18 PM,0:33,MISS Carter 25' 3PT Jump Shot,,,,,4,1713,Vince Carter,1610612737.0,Atlanta,Hawks,ATL,0,0,,,,,,0,0,,,,,,1
244,0021900066,340,4,0,2,8:18 PM,0:29,Bembry REBOUND (Off:3 Def:4),,,,,4,1627761,DeAndre' Bembry,1610612737.0,Atlanta,Hawks,ATL,0,0,,,,,,0,0,,,,,,1
245,0021900066,341,6,2,2,8:18 PM,0:29,,,Silva S.FOUL (P3.PN) (T.Brothers),,,5,1629735,Chris Silva,1610612748.0,Miami,Heat,MIA,4,1627761,DeAndre' Bembry,1610612737.0,Atlanta,Hawks,ATL,1,0,,,,,,1
246,0021900066,343,3,11,2,8:18 PM,0:29,Bembry Free Throw 1 of 2 (10 PTS),,,52 - 46,-6,4,1627761,DeAndre' Bembry,1610612737.0,Atlanta,Hawks,ATL,0,0,,,,,,0,0,,,,,,1
247,0021900066,348,3,12,2,8:18 PM,0:29,MISS Bembry Free Throw 2 of 2,,,,,4,1627761,DeAndre' Bembry,1610612737.0,Atlanta,Hawks,ATL,0,0,,,,,,0,0,,,,,,1
248,0021900066,344,8,0,2,8:18 PM,0:29,SUB: Hunter FOR Collins,,,,,4,1628381,John Collins,1610612737.0,Atlanta,Hawks,ATL,4,1629631,De'Andre Hunter,1610612737.0,Atlanta,Hawks,ATL,0,0,,,,,,0
249,0021900066,345,8,0,2,8:18 PM,0:29,,,SUB: Olynyk FOR Silva,,,5,1629735,Chris Silva,1610612748.0,Miami,Heat,MIA,5,203482,Kelly Olynyk,1610612748.0,Miami,Heat,MIA,0,0,,,,,,0
250,0021900066,349,4,0,2,8:18 PM,0:27,,,Robinson REBOUND (Off:0 Def:2),,,5,1629130,Duncan Robinson,1610612748.0,Miami,Heat,MIA,0,0,,,,,,0,0,,,,,,1
251,0021900066,350,2,1,2,8:19 PM,0:05,,,MISS Olynyk 25' 3PT Jump Shot,,,5,203482,Kelly Olynyk,1610612748.0,Miami,Heat,MIA,0,0,,,,,,0,0,,,,,,1
252,0021900066,351,4,0,2,8:19 PM,0:01,Wallace REBOUND (Off:0 Def:1),,,,,4,1627820,Tyrone Wallace,1610612737.0,Atlanta,Hawks,ATL,0,0,,,,,,0,0,,,,,,1
253,0021900066,352,2,103,2,8:19 PM,0:00,MISS Wallace 45' 3PT Running Pull-Up Jump Shot,,,,,4,1627820,Tyrone Wallace,1610612737.0,Atlanta,Hawks,ATL,0,0,,,,,,0,0,,,,,,1
254,0021900066,353,4,0,2,8:19 PM,0:00,HAWKS Rebound,,,,,2,1610612737,,,,,,0,0,,,,,,0,0,,,,,,0
255,0021900066,354,13,0,2,8:19 PM,0:00,,,,52 - 46,-6,0,0,,,,,,0,0,,,,,,0,0,,,,,,1
256,0021900066,367,12,0,3,8:36 PM,12:00,,,,52 - 46,-6,0,0,,,,,,0,0,,,,,,0,0,,,,,,0
257,0021900066,368,1,1,3,8:36 PM,11:45,,,Robinson  3PT Jump Shot (7 PTS) (Butler 5 AST),55 - 46,-9,5,1629130,Duncan Robinson,1610612748.0,Miami,Heat,MIA,5,202710,Jimmy Butler,1610612748.0,Miami,Heat,MIA,0,0,,,,,,1
258,0021900066,370,1,58,3,8:36 PM,11:26,Collins 12' Turnaround Hook Shot (9 PTS) (Len 1 AST),,,55 - 48,-7,4,1628381,John Collins,1610612737.0,Atlanta,Hawks,ATL,4,203458,Alex Len,1610612737.0,Atlanta,Hawks,ATL,0,0,,,,,,1
259,0021900066,372,5,2,3,8:37 PM,11:09,Reddish STEAL (1 STL),,Butler Lost Ball Turnover (P3.T5),,,5,202710,Jimmy Butler,1610612748.0,Miami,Heat,MIA,4,1629629,Cam Reddish,1610612737.0,Atlanta,Hawks,ATL,0,0,,,,,,1
260,0021900066,374,1,1,3,8:37 PM,10:59,Reddish  3PT Jump Shot (9 PTS) (Hunter 1 AST),,,55 - 51,-4,4,1629629,Cam Reddish,1610612737.0,Atlanta,Hawks,ATL,4,1629631,De'Andre Hunter,1610612737.0,Atlanta,Hawks,ATL,0,0,,,,,,1
261,0021900066,376,6,2,3,8:37 PM,10:47,Huerter S.FOUL (P1.T1) (K.Lane),,,,,4,1628989,Kevin Huerter,1610612737.0,Atlanta,Hawks,ATL,5,1629134,Kendrick Nunn,1610612748.0,Miami,Heat,MIA,1,0,,,,,,1
262,0021900066,378,3,11,3,8:37 PM,10:47,,,Nunn Free Throw 1 of 2 (11 PTS),56 - 51,-5,5,1629134,Kendrick Nunn,1610612748.0,Miami,Heat,MIA,0,0,,,,,,0,0,,,,,,0
263,0021900066,379,3,12,3,8:38 PM,10:47,,,Nunn Free Throw 2 of 2 (12 PTS),57 - 51,-6,5,1629134,Kendrick Nunn,1610612748.0,Miami,Heat,MIA,0,0,,,,,,0,0,,,,,,1
264,0021900066,380,5,1,3,8:38 PM,10:38,Reddish Bad Pass Turnover (P1.T8),,Butler STEAL (2 STL),,,4,1629629,Cam Reddish,1610612737.0,Atlanta,Hawks,ATL,5,202710,Jimmy Butler,1610612748.0,Miami,Heat,MIA,0,0,,,,,,1
265,0021900066,382,1,41,3,8:38 PM,10:32,,,Robinson 1' Running Layup (9 PTS) (Butler 6 AST),59 - 51,-8,5,1629130,Duncan Robinson,1610612748.0,Miami,Heat,MIA,5,202710,Jimmy Butler,1610612748.0,Miami,Heat,MIA,0,0,,,,,,1
266,0021900066,384,2,6,3,8:38 PM,10:13,MISS Hunter 4' Driving Layup,,Butler BLOCK (1 BLK),,,4,1629631,De'Andre Hunter,1610612737.0,Atlanta,Hawks,ATL,0,0,,,,,,5,202710,Jimmy Butler,1610612748.0,Miami,Heat,MIA,1
267,0021900066,386,4,0,3,8:38 PM,10:10,Hunter REBOUND (Off:2 Def:1),,,,,4,1629631,De'Andre Hunter,1610612737.0,Atlanta,Hawks,ATL,0,0,,,,,,0,0,,,,,,1
268,0021900066,387,2,1,3,8:38 PM,10:09,MISS Collins 20' Jump Shot,,,,,4,1628381,John Collins,1610612737.0,Atlanta,Hawks,ATL,0,0,,,,,,0,0,,,,,,1
269,0021900066,388,4,0,3,8:38 PM,10:04,,,Adebayo REBOUND (Off:1 Def:2),,,5,1628389,Bam Adebayo,1610612748.0,Miami,Heat,MIA,0,0,,,,,,0,0,,,,,,1
270,0021900066,389,2,1,3,8:39 PM,9:55,,,MISS Butler 25' 3PT Jump Shot,,,5,202710,Jimmy Butler,1610612748.0,Miami,Heat,MIA,0,0,,,,,,0,0,,,,,,1
271,0021900066,390,4,0,3,8:39 PM,9:53,Huerter REBOUND (Off:0 Def:3),,,,,4,1628989,Kevin Huerter,1610612737.0,Atlanta,Hawks,ATL,0,0,,,,,,0,0,,,,,,1
272,0021900066,391,2,6,3,8:39 PM,9:44,MISS Len 5' Driving Layup,,Leonard BLOCK (1 BLK),,,4,203458,Alex Len,1610612737.0,Atlanta,Hawks,ATL,0,0,,,,,,5,203086,Meyers Leonard,1610612748.0,Miami,Heat,MIA,1
273,0021900066,393,4,0,3,8:39 PM,9:39,Len REBOUND (Off:1 Def:2),,,,,4,203458,Alex Len,1610612737.0,Atlanta,Hawks,ATL,0,0,,,,,,0,0,,,,,,1
274,0021900066,394,1,87,3,8:39 PM,9:39,Len 1' Putback Dunk (5 PTS),,,59 - 53,-6,4,203458,Alex Len,1610612737.0,Atlanta,Hawks,ATL,0,0,,,,,,0,0,,,,,,1
275,0021900066,395,1,7,3,8:39 PM,9:25,,,Leonard 1' Dunk (7 PTS) (Adebayo 4 AST),61 - 53,-8,5,203086,Meyers Leonard,1610612748.0,Miami,Heat,MIA,5,1628389,Bam Adebayo,1610612748.0,Miami,Heat,MIA,0,0,,,,,,1
276,0021900066,397,6,1,3,8:39 PM,9:09,,,Nunn P.FOUL (P2.T1) (E.Dalen),,,5,1629134,Kendrick Nunn,1610612748.0,Miami,Heat,MIA,4,1628381,John Collins,1610612737.0,Atlanta,Hawks,ATL,1,0,,,,,,1
277,0021900066,399,2,102,3,8:40 PM,8:58,MISS Huerter 12' Driving Floating Bank Jump Shot,,,,,4,1628989,Kevin Huerter,1610612737.0,Atlanta,Hawks,ATL,0,0,,,,,,0,0,,,,,,1
278,0021900066,400,4,0,3,8:40 PM,8:55,Huerter REBOUND (Off:1 Def:3),,,,,4,1628989,Kevin Huerter,1610612737.0,Atlanta,Hawks,ATL,0,0,,,,,,0,0,,,,,,1
279,0021900066,401,2,1,3,8:40 PM,8:54,MISS Huerter 2' Jump Shot,,,,,4,1628989,Kevin Huerter,1610612737.0,Atlanta,Hawks,ATL,0,0,,,,,,0,0,,,,,,0
280,0021900066,402,4,0,3,8:40 PM,8:54,,,Heat Rebound,,,3,1610612748,,,,,,0,0,,,,,,0,0,,,,,,0
281,0021900066,404,6,3,3,8:40 PM,8:54,Len L.B.FOUL (P3.T2) (K.Lane),,,,,4,203458,Alex Len,1610612737.0,Atlanta,Hawks,ATL,5,202710,Jimmy Butler,1610612748.0,Miami,Heat,MIA,1,0,,,,,,1
282,0021900066,406,1,1,3,8:40 PM,8:41,,,Nunn  3PT Jump Shot (15 PTS) (Butler 7 AST),64 - 53,-11,5,1629134,Kendrick Nunn,1610612748.0,Miami,Heat,MIA,5,202710,Jimmy Butler,1610612748.0,Miami,Heat,MIA,0,0,,,,,,1
283,0021900066,408,9,1,3,8:41 PM,8:40,HAWKS Timeout: Regular (Full 4 Short 0),,,,,2,1610612737,,,,,,0,0,,,,,,0,0,,,,,,0
284,0021900066,409,6,2,3,8:44 PM,8:24,,,Leonard S.FOUL (P2.T2) (K.Lane),,,5,203086,Meyers Leonard,1610612748.0,Miami,Heat,MIA,4,1629631,De'Andre Hunter,1610612737.0,Atlanta,Hawks,ATL,1,0,,,,,,1
285,0021900066,411,3,11,3,8:45 PM,8:24,Hunter Free Throw 1 of 2 (1 PTS),,,64 - 54,-10,4,1629631,De'Andre Hunter,1610612737.0,Atlanta,Hawks,ATL,0,0,,,,,,0,0,,,,,,0
286,0021900066,412,3,12,3,8:45 PM,8:24,Hunter Free Throw 2 of 2 (2 PTS),,,64 - 55,-9,4,1629631,De'Andre Hunter,1610612737.0,Atlanta,Hawks,ATL,0,0,,,,,,0,0,,,,,,0
287,0021900066,413,2,1,3,8:45 PM,8:13,,,MISS Robinson 25' 3PT Jump Shot,,,5,1629130,Duncan Robinson,1610612748.0,Miami,Heat,MIA,0,0,,,,,,0,0,,,,,,1
288,0021900066,414,4,0,3,8:45 PM,8:08,Len REBOUND (Off:1 Def:3),,,,,4,203458,Alex Len,1610612737.0,Atlanta,Hawks,ATL,0,0,,,,,,0,0,,,,,,1
289,0021900066,415,2,79,3,8:45 PM,8:02,MISS Reddish 25' 3PT Pullup Jump Shot,,,,,4,1629629,Cam Reddish,1610612737.0,Atlanta,Hawks,ATL,0,0,,,,,,0,0,,,,,,1
290,0021900066,416,4,0,3,8:45 PM,7:58,,,Nunn REBOUND (Off:0 Def:1),,,5,1629134,Kendrick Nunn,1610612748.0,Miami,Heat,MIA,0,0,,,,,,0,0,,,,,,1
291,0021900066,417,2,6,3,8:45 PM,7:51,,,MISS Butler 1' Driving Layup,,,5,202710,Jimmy Butler,1610612748.0,Miami,Heat,MIA,0,0,,,,,,0,0,,,,,,1
292,0021900066,418,4,0,3,8:45 PM,7:48,Collins REBOUND (Off:2 Def:4),,,,,4,1628381,John Collins,1610612737.0,Atlanta,Hawks,ATL,0,0,,,,,,0,0,,,,,,1
293,0021900066,419,2,6,3,8:46 PM,7:38,MISS Reddish 7' Driving Layup,,Butler BLOCK (2 BLK),,,4,1629629,Cam Reddish,1610612737.0,Atlanta,Hawks,ATL,0,0,,,,,,5,202710,Jimmy Butler,1610612748.0,Miami,Heat,MIA,1
294,0021900066,421,4,0,3,8:46 PM,7:35,,,Robinson REBOUND (Off:0 Def:3),,,5,1629130,Duncan Robinson,1610612748.0,Miami,Heat,MIA,0,0,,,,,,0,0,,,,,,1
295,0021900066,422,1,41,3,8:46 PM,7:30,,,Nunn 1' Running Layup (17 PTS) (Leonard 2 AST),66 - 55,-11,5,1629134,Kendrick Nunn,1610612748.0,Miami,Heat,MIA,5,203086,Meyers Leonard,1610612748.0,Miami,Heat,MIA,0,0,,,,,,1
296,0021900066,424,1,79,3,8:46 PM,7:13,Hunter 6' Pullup Jump Shot (4 PTS),,,66 - 57,-9,4,1629631,De'Andre Hunter,1610612737.0,Atlanta,Hawks,ATL,0,0,,,,,,0,0,,,,,,1
297,0021900066,425,1,1,3,8:46 PM,6:54,,,Nunn 25' 3PT Jump Shot (20 PTS) (Butler 8 AST),69 - 57,-12,5,1629134,Kendrick Nunn,1610612748.0,Miami,Heat,MIA,5,202710,Jimmy Butler,1610612748.0,Miami,Heat,MIA,0,0,,,,,,1
298,0021900066,427,5,1,3,8:47 PM,6:37,Hunter Bad Pass Turnover (P1.T9),,Nunn STEAL (1 STL),,,4,1629631,De'Andre Hunter,1610612737.0,Atlanta,Hawks,ATL,5,1629134,Kendrick Nunn,1610612748.0,Miami,Heat,MIA,0,0,,,,,,1
299,0021900066,429,1,50,3,8:47 PM,6:33,,,Nunn  Running Dunk (22 PTS),71 - 57,-14,5,1629134,Kendrick Nunn,1610612748.0,Miami,Heat,MIA,0,0,,,,,,0,0,,,,,,1
300,0021900066,430,2,1,3,8:47 PM,6:18,MISS Hunter  3PT Jump Shot,,Butler BLOCK (3 BLK),,,4,1629631,De'Andre Hunter,1610612737.0,Atlanta,Hawks,ATL,0,0,,,,,,5,202710,Jimmy Butler,1610612748.0,Miami,Heat,MIA,1
301,0021900066,432,4,0,3,8:47 PM,6:14,,,Leonard REBOUND (Off:0 Def:6),,,5,203086,Meyers Leonard,1610612748.0,Miami,Heat,MIA,0,0,,,,,,0,0,,,,,,1
302,0021900066,434,8,0,3,8:47 PM,6:01,SUB: Bembry FOR Hunter,,,,,4,1629631,De'Andre Hunter,1610612737.0,Atlanta,Hawks,ATL,4,1627761,DeAndre' Bembry,1610612737.0,Atlanta,Hawks,ATL,0,0,,,,,,0
303,0021900066,435,8,0,3,8:47 PM,6:01,SUB: Carter FOR Len,,,,,4,203458,Alex Len,1610612737.0,Atlanta,Hawks,ATL,4,1713,Vince Carter,1610612737.0,Atlanta,Hawks,ATL,0,0,,,,,,0
304,0021900066,436,8,0,3,8:47 PM,6:01,SUB: Wallace FOR Huerter,,,,,4,1628989,Kevin Huerter,1610612737.0,Atlanta,Hawks,ATL,4,1627820,Tyrone Wallace,1610612737.0,Atlanta,Hawks,ATL,0,0,,,,,,0
305,0021900066,437,8,0,3,8:47 PM,6:01,SUB: Jones FOR Reddish,,,,,4,1629629,Cam Reddish,1610612737.0,Atlanta,Hawks,ATL,4,1627745,Damian Jones,1610612737.0,Atlanta,Hawks,ATL,0,0,,,,,,0
306,0021900066,442,2,1,3,8:48 PM,5:56,,,MISS Adebayo 13' Jump Shot,,,5,1628389,Bam Adebayo,1610612748.0,Miami,Heat,MIA,0,0,,,,,,0,0,,,,,,1
307,0021900066,443,4,0,3,8:48 PM,5:54,Jones REBOUND (Off:0 Def:3),,,,,4,1627745,Damian Jones,1610612737.0,Atlanta,Hawks,ATL,0,0,,,,,,0,0,,,,,,1
308,0021900066,444,2,47,3,8:48 PM,5:35,MISS Collins 13' Turnaround Jump Shot,,Adebayo BLOCK (2 BLK),,,4,1628381,John Collins,1610612737.0,Atlanta,Hawks,ATL,0,0,,,,,,5,1628389,Bam Adebayo,1610612748.0,Miami,Heat,MIA,1
309,0021900066,446,4,0,3,8:48 PM,5:31,,,Leonard REBOUND (Off:0 Def:7),,,5,203086,Meyers Leonard,1610612748.0,Miami,Heat,MIA,0,0,,,,,,0,0,,,,,,1
310,0021900066,447,1,102,3,8:48 PM,5:23,,,Leonard 4' Driving Floating Bank Jump Shot (9 PTS),73 - 57,-16,5,203086,Meyers Leonard,1610612748.0,Miami,Heat,MIA,0,0,,,,,,0,0,,,,,,1
311,0021900066,448,9,1,3,8:48 PM,5:22,HAWKS Timeout: Regular (Full 5 Short 0),,,,,2,1610612737,,,,,,0,0,,,,,,0,0,,,,,,0
312,0021900066,449,8,0,3,8:51 PM,5:22,,,SUB: Dragic FOR Robinson,,,5,1629130,Duncan Robinson,1610612748.0,Miami,Heat,MIA,5,201609,Goran Dragic,1610612748.0,Miami,Heat,MIA,0,0,,,,,,0
313,0021900066,451,5,2,3,8:52 PM,5:01,Wallace Lost Ball Turnover (P2.T10),,Butler STEAL (3 STL),,,4,1627820,Tyrone Wallace,1610612737.0,Atlanta,Hawks,ATL,5,202710,Jimmy Butler,1610612748.0,Miami,Heat,MIA,0,0,,,,,,1
314,0021900066,453,1,41,3,8:52 PM,4:53,,,Nunn 8' Running Layup (24 PTS),75 - 57,-18,5,1629134,Kendrick Nunn,1610612748.0,Miami,Heat,MIA,0,0,,,,,,0,0,,,,,,1
315,0021900066,456,5,2,3,8:53 PM,4:37,Collins Lost Ball Turnover (P1.T11),,Nunn STEAL (2 STL),,,4,1628381,John Collins,1610612737.0,Atlanta,Hawks,ATL,5,1629134,Kendrick Nunn,1610612748.0,Miami,Heat,MIA,0,0,,,,,,1
316,0021900066,458,5,39,3,8:53 PM,4:37,,,Nunn Step Out of Bounds Turnover (P1.T6),,,5,1629134,Kendrick Nunn,1610612748.0,Miami,Heat,MIA,0,0,,,,,,1,0,,,,,,1
317,0021900066,459,8,0,3,8:53 PM,4:37,SUB: Parker FOR Collins,,,,,4,1628381,John Collins,1610612737.0,Atlanta,Hawks,ATL,4,203953,Jabari Parker,1610612737.0,Atlanta,Hawks,ATL,0,0,,,,,,0
318,0021900066,461,2,1,3,8:54 PM,4:29,MISS Carter 25' 3PT Jump Shot,,,,,4,1713,Vince Carter,1610612737.0,Atlanta,Hawks,ATL,0,0,,,,,,0,0,,,,,,1
319,0021900066,462,4,0,3,8:54 PM,4:26,Jones REBOUND (Off:1 Def:3),,,,,4,1627745,Damian Jones,1610612737.0,Atlanta,Hawks,ATL,0,0,,,,,,0,0,,,,,,1
320,0021900066,463,6,2,3,8:54 PM,4:26,,,Leonard S.FOUL (P3.T3) (T.Brothers),,,5,203086,Meyers Leonard,1610612748.0,Miami,Heat,MIA,4,1627745,Damian Jones,1610612737.0,Atlanta,Hawks,ATL,1,0,,,,,,1
321,0021900066,465,3,11,3,8:54 PM,4:26,Jones Free Throw 1 of 2 (3 PTS),,,75 - 58,-17,4,1627745,Damian Jones,1610612737.0,Atlanta,Hawks,ATL,0,0,,,,,,0,0,,,,,,1
322,0021900066,466,3,12,3,8:54 PM,4:26,Jones Free Throw 2 of 2 (4 PTS),,,75 - 59,-16,4,1627745,Damian Jones,1610612737.0,Atlanta,Hawks,ATL,0,0,,,,,,0,0,,,,,,0
323,0021900066,467,5,1,3,8:55 PM,4:11,Bembry STEAL (1 STL),,Dragic Bad Pass Turnover (P1.T7),,,5,201609,Goran Dragic,1610612748.0,Miami,Heat,MIA,4,1627761,DeAndre' Bembry,1610612737.0,Atlanta,Hawks,ATL,0,0,,,,,,1
324,0021900066,469,2,41,3,8:55 PM,4:09,MISS Wallace 2' Running Layup,,,,,4,1627820,Tyrone Wallace,1610612737.0,Atlanta,Hawks,ATL,0,0,,,,,,0,0,,,,,,1
325,0021900066,470,4,0,3,8:55 PM,4:08,Bembry REBOUND (Off:4 Def:4),,,,,4,1627761,DeAndre' Bembry,1610612737.0,Atlanta,Hawks,ATL,0,0,,,,,,0,0,,,,,,1
326,0021900066,471,1,72,3,8:55 PM,4:08,Bembry 1' Putback Layup (12 PTS),,,75 - 61,-14,4,1627761,DeAndre' Bembry,1610612737.0,Atlanta,Hawks,ATL,0,0,,,,,,0,0,,,,,,1
327,0021900066,472,7,2,3,8:55 PM,4:08,,,Nunn Violation:Defensive Goaltending (E.Dalen),,,5,1629134,Kendrick Nunn,1610612748.0,Miami,Heat,MIA,0,0,,,,,,1,0,,,,,,1
328,0021900066,473,6,2,3,8:55 PM,3:49,Parker S.FOUL (P2.T3) (E.Dalen),,,,,4,203953,Jabari Parker,1610612737.0,Atlanta,Hawks,ATL,5,203086,Meyers Leonard,1610612748.0,Miami,Heat,MIA,1,0,,,,,,1
329,0021900066,475,3,11,3,8:56 PM,3:49,,,Leonard Free Throw 1 of 2 (10 PTS),76 - 61,-15,5,203086,Meyers Leonard,1610612748.0,Miami,Heat,MIA,0,0,,,,,,0,0,,,,,,1
330,0021900066,476,3,12,3,8:56 PM,3:49,,,MISS Leonard Free Throw 2 of 2,,,5,203086,Meyers Leonard,1610612748.0,Miami,Heat,MIA,0,0,,,,,,0,0,,,,,,1
331,0021900066,477,4,0,3,8:56 PM,3:47,Carter REBOUND (Off:0 Def:1),,,,,4,1713,Vince Carter,1610612737.0,Atlanta,Hawks,ATL,0,0,,,,,,0,0,,,,,,1
332,0021900066,478,1,86,3,8:56 PM,3:31,Parker 9' Turnaround Fadeaway (9 PTS),,,76 - 63,-13,4,203953,Jabari Parker,1610612737.0,Atlanta,Hawks,ATL,0,0,,,,,,0,0,,,,,,1
333,0021900066,479,1,6,3,8:57 PM,3:08,,,Butler 2' Driving Layup (5 PTS),78 - 63,-15,5,202710,Jimmy Butler,1610612748.0,Miami,Heat,MIA,0,0,,,,,,0,0,,,,,,1
334,0021900066,480,2,6,3,8:57 PM,2:51,MISS Carter 2' Driving Layup,,,,,4,1713,Vince Carter,1610612737.0,Atlanta,Hawks,ATL,0,0,,,,,,0,0,,,,,,1
335,0021900066,481,4,0,3,8:57 PM,2:49,,,Leonard REBOUND (Off:0 Def:8),,,5,203086,Meyers Leonard,1610612748.0,Miami,Heat,MIA,0,0,,,,,,0,0,,,,,,1
336,0021900066,482,2,79,3,8:57 PM,2:32,,,MISS Butler 25' 3PT Pullup Jump Shot,,,5,202710,Jimmy Butler,1610612748.0,Miami,Heat,MIA,0,0,,,,,,0,0,,,,,,1
337,0021900066,483,4,0,3,8:57 PM,2:28,Parker REBOUND (Off:2 Def:2),,,,,4,203953,Jabari Parker,1610612737.0,Atlanta,Hawks,ATL,0,0,,,,,,0,0,,,,,,1
338,0021900066,484,1,73,3,8:57 PM,2:25,Wallace 1' Driving Reverse Layup (8 PTS) (Bembry 4 AST),,,78 - 65,-13,4,1627820,Tyrone Wallace,1610612737.0,Atlanta,Hawks,ATL,4,1627761,DeAndre' Bembry,1610612737.0,Atlanta,Hawks,ATL,0,0,,,,,,1
339,0021900066,486,9,1,3,8:57 PM,2:24,,,Heat Timeout: Regular (Reg.3 Short 0),,,3,1610612748,,,,,,0,0,,,,,,0,0,,,,,,0
340,0021900066,487,8,0,3,8:59 PM,2:24,,,SUB: Herro FOR Butler,,,5,202710,Jimmy Butler,1610612748.0,Miami,Heat,MIA,5,1629639,Tyler Herro,1610612748.0,Miami,Heat,MIA,0,0,,,,,,0
341,0021900066,488,8,0,3,8:59 PM,2:24,,,SUB: Robinson FOR Nunn,,,5,1629134,Kendrick Nunn,1610612748.0,Miami,Heat,MIA,5,1629130,Duncan Robinson,1610612748.0,Miami,Heat,MIA,0,0,,,,,,0
342,0021900066,491,1,80,3,8:59 PM,2:01,,,Robinson 24' 3PT Step Back Jump Shot (12 PTS) (Adebayo 5 AST),81 - 65,-16,5,1629130,Duncan Robinson,1610612748.0,Miami,Heat,MIA,5,1628389,Bam Adebayo,1610612748.0,Miami,Heat,MIA,0,0,,,,,,1
343,0021900066,494,1,1,3,9:00 PM,1:43,Parker 25' 3PT Jump Shot (12 PTS) (Wallace 1 AST),,,81 - 68,-13,4,203953,Jabari Parker,1610612737.0,Atlanta,Hawks,ATL,4,1627820,Tyrone Wallace,1610612737.0,Atlanta,Hawks,ATL,0,0,,,,,,1
344,0021900066,496,5,39,3,9:00 PM,1:22,,,Robinson Step Out of Bounds Turnover (P1.T8),,,5,1629130,Duncan Robinson,1610612748.0,Miami,Heat,MIA,0,0,,,,,,1,0,,,,,,1
345,0021900066,497,8,0,3,9:00 PM,1:22,,,SUB: Olynyk FOR Leonard,,,5,203086,Meyers Leonard,1610612748.0,Miami,Heat,MIA,5,203482,Kelly Olynyk,1610612748.0,Miami,Heat,MIA,0,0,,,,,,0
346,0021900066,499,1,79,3,9:00 PM,1:12,Parker 26' 3PT Pullup Jump Shot (15 PTS) (Bembry 5 AST),,,81 - 71,-10,4,203953,Jabari Parker,1610612737.0,Atlanta,Hawks,ATL,4,1627761,DeAndre' Bembry,1610612737.0,Atlanta,Hawks,ATL,0,0,,,,,,1
347,0021900066,501,2,1,3,9:01 PM,0:54,,,MISS Herro 26' 3PT Jump Shot,,,5,1629639,Tyler Herro,1610612748.0,Miami,Heat,MIA,0,0,,,,,,0,0,,,,,,1
348,0021900066,502,4,0,3,9:01 PM,0:49,,,Adebayo REBOUND (Off:2 Def:2),,,5,1628389,Bam Adebayo,1610612748.0,Miami,Heat,MIA,0,0,,,,,,0,0,,,,,,1
349,0021900066,503,6,2,3,9:01 PM,0:49,Parker S.FOUL (P3.T4) (T.Brothers),,,,,4,203953,Jabari Parker,1610612737.0,Atlanta,Hawks,ATL,5,1628389,Bam Adebayo,1610612748.0,Miami,Heat,MIA,1,0,,,,,,1
350,0021900066,505,3,11,3,9:01 PM,0:49,,,MISS Adebayo Free Throw 1 of 2,,,5,1628389,Bam Adebayo,1610612748.0,Miami,Heat,MIA,0,0,,,,,,0,0,,,,,,1
351,0021900066,506,4,1,3,9:01 PM,0:49,,,Heat Rebound,,,3,1610612748,,,,,,0,0,,,,,,0,0,,,,,,0
352,0021900066,507,3,12,3,9:02 PM,0:49,,,Adebayo Free Throw 2 of 2 (12 PTS),82 - 71,-11,5,1628389,Bam Adebayo,1610612748.0,Miami,Heat,MIA,0,0,,,,,,0,0,,,,,,1
353,0021900066,508,1,9,3,9:02 PM,0:37,Bembry 1' Driving Dunk (14 PTS) (Parker 1 AST),,,82 - 73,-9,4,1627761,DeAndre' Bembry,1610612737.0,Atlanta,Hawks,ATL,4,203953,Jabari Parker,1610612737.0,Atlanta,Hawks,ATL,0,0,,,,,,1
354,0021900066,510,6,4,3,9:02 PM,0:29,,,Dragic OFF.Foul (P2) (K.Lane),,,5,201609,Goran Dragic,1610612748.0,Miami,Heat,MIA,4,1627820,Tyrone Wallace,1610612737.0,Atlanta,Hawks,ATL,1,0,,,,,,1
355,0021900066,512,5,37,3,9:02 PM,0:29,,,Dragic Offensive Foul Turnover (P2.T9),,,5,201609,Goran Dragic,1610612748.0,Miami,Heat,MIA,0,0,,,,,,1,0,,,,,,1
356,0021900066,513,2,1,3,9:02 PM,0:21,MISS Parker 26' 3PT Jump Shot,,,,,4,203953,Jabari Parker,1610612737.0,Atlanta,Hawks,ATL,0,0,,,,,,0,0,,,,,,1
357,0021900066,514,4,0,3,9:02 PM,0:18,Bembry REBOUND (Off:5 Def:4),,,,,4,1627761,DeAndre' Bembry,1610612737.0,Atlanta,Hawks,ATL,0,0,,,,,,0,0,,,,,,1
358,0021900066,515,1,1,3,9:02 PM,0:18,Bembry 4' Jump Shot (16 PTS),,,82 - 75,-7,4,1627761,DeAndre' Bembry,1610612737.0,Atlanta,Hawks,ATL,0,0,,,,,,0,0,,,,,,1
359,0021900066,516,1,79,3,9:03 PM,0:01,,,Herro 25' 3PT Pullup Jump Shot (10 PTS) (Dragic 3 AST),85 - 75,-10,5,1629639,Tyler Herro,1610612748.0,Miami,Heat,MIA,5,201609,Goran Dragic,1610612748.0,Miami,Heat,MIA,0,0,,,,,,1
360,0021900066,518,2,1,3,9:03 PM,0:00,MISS Parker 71' 3PT Jump Shot,,,,,4,203953,Jabari Parker,1610612737.0,Atlanta,Hawks,ATL,0,0,,,,,,0,0,,,,,,1
361,0021900066,519,4,0,3,9:03 PM,0:00,HAWKS Rebound,,,,,2,1610612737,,,,,,0,0,,,,,,0,0,,,,,,0
362,0021900066,520,13,0,3,9:03 PM,0:00,,,,85 - 75,-10,0,0,,,,,,0,0,,,,,,0,0,,,,,,1
363,0021900066,521,12,0,4,9:07 PM,12:00,,,,85 - 75,-10,0,0,,,,,,0,0,,,,,,0,0,,,,,,0
364,0021900066,522,1,63,4,9:07 PM,11:48,Carter 18' Fadeaway Jumper (2 PTS) (Bembry 6 AST),,,85 - 77,-8,4,1713,Vince Carter,1610612737.0,Atlanta,Hawks,ATL,4,1627761,DeAndre' Bembry,1610612737.0,Atlanta,Hawks,ATL,0,0,,,,,,0
365,0021900066,524,2,44,4,9:07 PM,11:34,,,MISS Robinson 1' Reverse Layup,,,5,1629130,Duncan Robinson,1610612748.0,Miami,Heat,MIA,0,0,,,,,,0,0,,,,,,0
366,0021900066,525,4,0,4,9:07 PM,11:31,Parker REBOUND (Off:2 Def:3),,,,,4,203953,Jabari Parker,1610612737.0,Atlanta,Hawks,ATL,0,0,,,,,,0,0,,,,,,0
367,0021900066,526,6,2,4,9:07 PM,11:28,,,Adebayo S.FOUL (P3.T1) (T.Brothers),,,5,1628389,Bam Adebayo,1610612748.0,Miami,Heat,MIA,4,203953,Jabari Parker,1610612737.0,Atlanta,Hawks,ATL,1,0,,,,,,1
368,0021900066,528,3,11,4,9:08 PM,11:28,Parker Free Throw 1 of 2 (16 PTS),,,85 - 78,-7,4,203953,Jabari Parker,1610612737.0,Atlanta,Hawks,ATL,0,0,,,,,,0,0,,,,,,1
369,0021900066,529,3,12,4,9:08 PM,11:28,Parker Free Throw 2 of 2 (17 PTS),,,85 - 79,-6,4,203953,Jabari Parker,1610612737.0,Atlanta,Hawks,ATL,0,0,,,,,,0,0,,,,,,1
370,0021900066,530,2,79,4,9:08 PM,11:06,,,MISS Herro 22' Pullup Jump Shot,,,5,1629639,Tyler Herro,1610612748.0,Miami,Heat,MIA,0,0,,,,,,0,0,,,,,,1
371,0021900066,531,4,0,4,9:08 PM,11:03,Wallace REBOUND (Off:0 Def:2),,,,,4,1627820,Tyrone Wallace,1610612737.0,Atlanta,Hawks,ATL,0,0,,,,,,0,0,,,,,,1
372,0021900066,532,2,44,4,9:08 PM,10:52,MISS Jones 1' Reverse Layup,,,,,4,1627745,Damian Jones,1610612737.0,Atlanta,Hawks,ATL,0,0,,,,,,0,0,,,,,,1
373,0021900066,533,4,0,4,9:08 PM,10:49,,,Adebayo REBOUND (Off:2 Def:3),,,5,1628389,Bam Adebayo,1610612748.0,Miami,Heat,MIA,0,0,,,,,,0,0,,,,,,1
374,0021900066,534,2,1,4,9:08 PM,10:46,,,MISS Olynyk 25' 3PT Jump Shot,,,5,203482,Kelly Olynyk,1610612748.0,Miami,Heat,MIA,0,0,,,,,,0,0,,,,,,1
375,0021900066,535,4,0,4,9:08 PM,10:42,,,Olynyk REBOUND (Off:3 Def:2),,,5,203482,Kelly Olynyk,1610612748.0,Miami,Heat,MIA,0,0,,,,,,0,0,,,,,,1
376,0021900066,536,2,1,4,9:08 PM,10:41,,,MISS Olynyk 26' 3PT Jump Shot,,,5,203482,Kelly Olynyk,1610612748.0,Miami,Heat,MIA,0,0,,,,,,0,0,,,,,,1
377,0021900066,537,4,0,4,9:08 PM,10:41,HAWKS Rebound,,,,,2,1610612737,,,,,,0,0,,,,,,0,0,,,,,,0
378,0021900066,539,1,79,4,9:09 PM,10:29,Wallace 15' Pullup Jump Shot (10 PTS) (Parker 2 AST),,,85 - 81,-4,4,1627820,Tyrone Wallace,1610612737.0,Atlanta,Hawks,ATL,4,203953,Jabari Parker,1610612737.0,Atlanta,Hawks,ATL,0,0,,,,,,1
379,0021900066,541,6,2,4,9:09 PM,10:20,Wallace S.FOUL (P2.T1) (E.Dalen),,,,,4,1627820,Tyrone Wallace,1610612737.0,Atlanta,Hawks,ATL,5,201609,Goran Dragic,1610612748.0,Miami,Heat,MIA,1,0,,,,,,1
380,0021900066,543,3,11,4,9:09 PM,10:20,,,Dragic Free Throw 1 of 2 (3 PTS),86 - 81,-5,5,201609,Goran Dragic,1610612748.0,Miami,Heat,MIA,0,0,,,,,,0,0,,,,,,1
381,0021900066,544,8,0,4,9:09 PM,10:20,SUB: Huerter FOR Carter,,,,,4,1713,Vince Carter,1610612737.0,Atlanta,Hawks,ATL,4,1628989,Kevin Huerter,1610612737.0,Atlanta,Hawks,ATL,0,0,,,,,,0
382,0021900066,546,3,12,4,9:09 PM,10:20,,,Dragic Free Throw 2 of 2 (4 PTS),87 - 81,-6,5,201609,Goran Dragic,1610612748.0,Miami,Heat,MIA,0,0,,,,,,0,0,,,,,,1
383,0021900066,566,5,2,4,9:10 PM,10:08,Bembry Lost Ball Turnover (P4.T12),,Olynyk STEAL (1 STL),,,4,1627761,DeAndre' Bembry,1610612737.0,Atlanta,Hawks,ATL,5,203482,Kelly Olynyk,1610612748.0,Miami,Heat,MIA,0,0,,,,,,1
384,0021900066,550,5,45,4,9:10 PM,10:03,,,Dragic Out of Bounds - Bad Pass Turnover Turnover (P3.T10),,,5,201609,Goran Dragic,1610612748.0,Miami,Heat,MIA,0,0,,,,,,1,0,,,,,,1
385,0021900066,551,2,102,4,9:10 PM,9:53,MISS Bembry 9' Driving Floating Bank Jump Shot,,,,,4,1627761,DeAndre' Bembry,1610612737.0,Atlanta,Hawks,ATL,0,0,,,,,,0,0,,,,,,1
386,0021900066,552,4,0,4,9:11 PM,9:45,Parker REBOUND (Off:3 Def:3),,,,,4,203953,Jabari Parker,1610612737.0,Atlanta,Hawks,ATL,0,0,,,,,,0,0,,,,,,1
387,0021900066,553,1,107,4,9:11 PM,9:45,Parker 1' Tip Dunk Shot (19 PTS),,,87 - 83,-4,4,203953,Jabari Parker,1610612737.0,Atlanta,Hawks,ATL,0,0,,,,,,0,0,,,,,,1
388,0021900066,555,8,0,4,9:11 PM,9:30,,,SUB: Silva FOR Adebayo,,,5,1628389,Bam Adebayo,1610612748.0,Miami,Heat,MIA,5,1629735,Chris Silva,1610612748.0,Miami,Heat,MIA,0,0,,,,,,0
389,0021900066,556,8,0,4,9:11 PM,9:30,,,SUB: Butler FOR Robinson,,,5,1629130,Duncan Robinson,1610612748.0,Miami,Heat,MIA,5,202710,Jimmy Butler,1610612748.0,Miami,Heat,MIA,0,0,,,,,,0
390,0021900066,559,1,1,4,9:11 PM,9:26,,,Herro 24' 3PT Jump Shot (13 PTS) (Olynyk 1 AST),90 - 83,-7,5,1629639,Tyler Herro,1610612748.0,Miami,Heat,MIA,5,203482,Kelly Olynyk,1610612748.0,Miami,Heat,MIA,0,0,,,,,,1
391,0021900066,561,2,6,4,9:12 PM,9:04,MISS Wallace 3' Driving Layup,,,,,4,1627820,Tyrone Wallace,1610612737.0,Atlanta,Hawks,ATL,0,0,,,,,,0,0,,,,,,1
392,0021900066,562,4,0,4,9:12 PM,9:01,,,Olynyk REBOUND (Off:3 Def:3),,,5,203482,Kelly Olynyk,1610612748.0,Miami,Heat,MIA,0,0,,,,,,0,0,,,,,,1
393,0021900066,563,1,98,4,9:12 PM,8:51,,,Silva 2' Cutting Layup Shot (6 PTS) (Olynyk 2 AST),92 - 83,-9,5,1629735,Chris Silva,1610612748.0,Miami,Heat,MIA,5,203482,Kelly Olynyk,1610612748.0,Miami,Heat,MIA,0,0,,,,,,1
394,0021900066,565,9,1,4,9:12 PM,8:51,HAWKS Timeout: Regular (Full 6 Short 0),,,,,2,1610612737,,,,,,0,0,,,,,,0,0,,,,,,0
395,0021900066,568,8,0,4,9:15 PM,8:51,SUB: Hunter FOR Wallace,,,,,4,1627820,Tyrone Wallace,1610612737.0,Atlanta,Hawks,ATL,4,1629631,De'Andre Hunter,1610612737.0,Atlanta,Hawks,ATL,0,0,,,,,,0
396,0021900066,569,8,0,4,9:15 PM,8:51,SUB: Collins FOR Jones,,,,,4,1627745,Damian Jones,1610612737.0,Atlanta,Hawks,ATL,4,1628381,John Collins,1610612737.0,Atlanta,Hawks,ATL,0,0,,,,,,0
397,0021900066,570,8,0,4,9:15 PM,8:51,SUB: Reddish FOR Bembry,,,,,4,1627761,DeAndre' Bembry,1610612737.0,Atlanta,Hawks,ATL,4,1629629,Cam Reddish,1610612737.0,Atlanta,Hawks,ATL,0,0,,,,,,0
398,0021900066,571,8,0,4,9:15 PM,8:51,,,SUB: Nunn FOR Dragic,,,5,201609,Goran Dragic,1610612748.0,Miami,Heat,MIA,5,1629134,Kendrick Nunn,1610612748.0,Miami,Heat,MIA,0,0,,,,,,0
399,0021900066,576,6,1,4,9:16 PM,8:41,,,Nunn P.FOUL (P3.T2) (E.Dalen),,,5,1629134,Kendrick Nunn,1610612748.0,Miami,Heat,MIA,4,1628381,John Collins,1610612737.0,Atlanta,Hawks,ATL,1,0,,,,,,0
400,0021900066,578,2,1,4,9:16 PM,8:34,MISS Hunter 26' 3PT Jump Shot,,,,,4,1629631,De'Andre Hunter,1610612737.0,Atlanta,Hawks,ATL,0,0,,,,,,0,0,,,,,,1
401,0021900066,579,4,0,4,9:16 PM,8:30,,,Herro REBOUND (Off:0 Def:2),,,5,1629639,Tyler Herro,1610612748.0,Miami,Heat,MIA,0,0,,,,,,0,0,,,,,,1
402,0021900066,580,2,1,4,9:16 PM,8:06,,,MISS Herro 26' 3PT Jump Shot,,,5,1629639,Tyler Herro,1610612748.0,Miami,Heat,MIA,0,0,,,,,,0,0,,,,,,1
403,0021900066,581,4,0,4,9:17 PM,8:06,,,Heat Rebound,,,3,1610612748,,,,,,0,0,,,,,,0,0,,,,,,0
404,0021900066,582,5,11,4,9:17 PM,8:06,,,Heat Turnover: Shot Clock (T#11),,,3,1610612748,,,,,,0,0,,,,,,1,0,,,,,,0
405,0021900066,583,2,1,4,9:17 PM,7:56,MISS Collins 26' 3PT Jump Shot,,,,,4,1628381,John Collins,1610612737.0,Atlanta,Hawks,ATL,0,0,,,,,,0,0,,,,,,1
406,0021900066,584,4,0,4,9:17 PM,7:56,,,Nunn REBOUND (Off:0 Def:2),,,5,1629134,Kendrick Nunn,1610612748.0,Miami,Heat,MIA,0,0,,,,,,0,0,,,,,,1
407,0021900066,585,2,6,4,9:17 PM,7:46,,,MISS Nunn 3' Driving Layup,,,5,1629134,Kendrick Nunn,1610612748.0,Miami,Heat,MIA,0,0,,,,,,0,0,,,,,,1
408,0021900066,586,4,0,4,9:17 PM,7:43,Reddish REBOUND (Off:0 Def:5),,,,,4,1629629,Cam Reddish,1610612737.0,Atlanta,Hawks,ATL,0,0,,,,,,0,0,,,,,,1
409,0021900066,587,2,103,4,9:17 PM,7:40,MISS Reddish 18' Running Pull-Up Jump Shot,,,,,4,1629629,Cam Reddish,1610612737.0,Atlanta,Hawks,ATL,0,0,,,,,,0,0,,,,,,1
410,0021900066,588,4,0,4,9:17 PM,7:36,,,Herro REBOUND (Off:0 Def:3),,,5,1629639,Tyler Herro,1610612748.0,Miami,Heat,MIA,0,0,,,,,,0,0,,,,,,1
411,0021900066,589,2,5,4,9:17 PM,7:25,Collins BLOCK (2 BLK),,MISS Silva 3' Layup,,,5,1629735,Chris Silva,1610612748.0,Miami,Heat,MIA,0,0,,,,,,4,1628381,John Collins,1610612737.0,Atlanta,Hawks,ATL,1
412,0021900066,591,4,0,4,9:17 PM,7:21,Collins REBOUND (Off:2 Def:5),,,,,4,1628381,John Collins,1610612737.0,Atlanta,Hawks,ATL,0,0,,,,,,0,0,,,,,,1
413,0021900066,592,2,79,4,9:17 PM,7:18,MISS Parker 25' 3PT Pullup Jump Shot,,,,,4,203953,Jabari Parker,1610612737.0,Atlanta,Hawks,ATL,0,0,,,,,,0,0,,,,,,1
414,0021900066,593,4,0,4,9:17 PM,7:14,,,Butler REBOUND (Off:1 Def:7),,,5,202710,Jimmy Butler,1610612748.0,Miami,Heat,MIA,0,0,,,,,,0,0,,,,,,1
415,0021900066,594,2,80,4,9:18 PM,7:04,,,MISS Olynyk 26' 3PT Step Back Jump Shot,,,5,203482,Kelly Olynyk,1610612748.0,Miami,Heat,MIA,0,0,,,,,,0,0,,,,,,1
416,0021900066,595,4,0,4,9:18 PM,6:59,,,Herro REBOUND (Off:1 Def:3),,,5,1629639,Tyler Herro,1610612748.0,Miami,Heat,MIA,0,0,,,,,,0,0,,,,,,1
417,0021900066,596,1,97,4,9:18 PM,6:59,,,Herro 1' Tip Layup Shot (15 PTS),94 - 83,-11,5,1629639,Tyler Herro,1610612748.0,Miami,Heat,MIA,0,0,,,,,,0,0,,,,,,1
418,0021900066,597,1,1,4,9:18 PM,6:43,Huerter 26' 3PT Jump Shot (7 PTS) (Reddish 4 AST),,,94 - 86,-8,4,1628989,Kevin Huerter,1610612737.0,Atlanta,Hawks,ATL,4,1629629,Cam Reddish,1610612737.0,Atlanta,Hawks,ATL,0,0,,,,,,1
419,0021900066,599,2,5,4,9:18 PM,6:17,,,MISS Silva 3' Layup,,,5,1629735,Chris Silva,1610612748.0,Miami,Heat,MIA,0,0,,,,,,0,0,,,,,,1
420,0021900066,600,4,0,4,9:18 PM,6:14,Parker REBOUND (Off:3 Def:4),,,,,4,203953,Jabari Parker,1610612737.0,Atlanta,Hawks,ATL,0,0,,,,,,0,0,,,,,,1
421,0021900066,601,2,6,4,9:19 PM,6:08,MISS Reddish 2' Driving Layup,,Olynyk BLOCK (1 BLK),,,4,1629629,Cam Reddish,1610612737.0,Atlanta,Hawks,ATL,0,0,,,,,,5,203482,Kelly Olynyk,1610612748.0,Miami,Heat,MIA,1
422,0021900066,603,4,0,4,9:19 PM,6:08,HAWKS Rebound,,,,,2,1610612737,,,,,,0,0,,,,,,0,0,,,,,,0
423,0021900066,605,8,0,4,9:19 PM,6:08,SUB: Bembry FOR Huerter,,,,,4,1628989,Kevin Huerter,1610612737.0,Atlanta,Hawks,ATL,4,1627761,DeAndre' Bembry,1610612737.0,Atlanta,Hawks,ATL,0,0,,,,,,0
424,0021900066,606,8,0,4,9:19 PM,6:08,SUB: Jones FOR Parker,,,,,4,203953,Jabari Parker,1610612737.0,Atlanta,Hawks,ATL,4,1627745,Damian Jones,1610612737.0,Atlanta,Hawks,ATL,0,0,,,,,,0
425,0021900066,607,8,0,4,9:19 PM,6:08,,,SUB: Adebayo FOR Silva,,,5,1629735,Chris Silva,1610612748.0,Miami,Heat,MIA,5,1628389,Bam Adebayo,1610612748.0,Miami,Heat,MIA,0,0,,,,,,0
426,0021900066,611,5,2,4,9:19 PM,6:00,Hunter Lost Ball Turnover (P2.T13),,Butler STEAL (4 STL),,,4,1629631,De'Andre Hunter,1610612737.0,Atlanta,Hawks,ATL,5,202710,Jimmy Butler,1610612748.0,Miami,Heat,MIA,0,0,,,,,,1
427,0021900066,613,5,2,4,9:19 PM,5:54,Collins STEAL (1 STL),,Nunn Lost Ball Turnover (P2.T12),,,5,1629134,Kendrick Nunn,1610612748.0,Miami,Heat,MIA,4,1628381,John Collins,1610612737.0,Atlanta,Hawks,ATL,0,0,,,,,,1
428,0021900066,615,1,41,4,9:19 PM,5:49,Bembry 1' Running Layup (18 PTS) (Collins 1 AST),,,94 - 88,-6,4,1627761,DeAndre' Bembry,1610612737.0,Atlanta,Hawks,ATL,4,1628381,John Collins,1610612737.0,Atlanta,Hawks,ATL,0,0,,,,,,1
429,0021900066,617,9,1,4,9:19 PM,5:49,,,Heat Timeout: Regular (Reg.4 Short 0),,,3,1610612748,,,,,,0,0,,,,,,0,0,,,,,,0
430,0021900066,620,8,0,4,9:21 PM,5:49,,,SUB: Leonard FOR Olynyk,,,5,203482,Kelly Olynyk,1610612748.0,Miami,Heat,MIA,5,203086,Meyers Leonard,1610612748.0,Miami,Heat,MIA,0,0,,,,,,0
431,0021900066,618,1,79,4,9:23 PM,5:28,,,Leonard 27' 3PT Pullup Jump Shot (13 PTS) (Butler 9 AST),97 - 88,-9,5,203086,Meyers Leonard,1610612748.0,Miami,Heat,MIA,5,202710,Jimmy Butler,1610612748.0,Miami,Heat,MIA,0,0,,,,,,1
432,0021900066,622,2,1,4,9:24 PM,5:04,MISS Reddish 25' 3PT Jump Shot,,,,,4,1629629,Cam Reddish,1610612737.0,Atlanta,Hawks,ATL,0,0,,,,,,0,0,,,,,,1
433,0021900066,623,4,0,4,9:24 PM,5:04,,,Heat Rebound,,,3,1610612748,,,,,,0,0,,,,,,0,0,,,,,,0
434,0021900066,625,2,101,4,9:24 PM,4:45,,,MISS Butler 7' Driving Floating Jump Shot,,,5,202710,Jimmy Butler,1610612748.0,Miami,Heat,MIA,0,0,,,,,,0,0,,,,,,1
435,0021900066,626,4,0,4,9:24 PM,4:41,Reddish REBOUND (Off:0 Def:6),,,,,4,1629629,Cam Reddish,1610612737.0,Atlanta,Hawks,ATL,0,0,,,,,,0,0,,,,,,1
436,0021900066,627,2,6,4,9:25 PM,4:22,MISS Hunter 5' Driving Layup,,Leonard BLOCK (2 BLK),,,4,1629631,De'Andre Hunter,1610612737.0,Atlanta,Hawks,ATL,0,0,,,,,,5,203086,Meyers Leonard,1610612748.0,Miami,Heat,MIA,1
437,0021900066,629,4,0,4,9:25 PM,4:22,HAWKS Rebound,,,,,2,1610612737,,,,,,0,0,,,,,,0,0,,,,,,0
438,0021900066,631,2,1,4,9:25 PM,4:20,MISS Reddish 26' 3PT Jump Shot,,,,,4,1629629,Cam Reddish,1610612737.0,Atlanta,Hawks,ATL,0,0,,,,,,0,0,,,,,,1
439,0021900066,632,4,0,4,9:25 PM,4:16,Bembry REBOUND (Off:6 Def:4),,,,,4,1627761,DeAndre' Bembry,1610612737.0,Atlanta,Hawks,ATL,0,0,,,,,,0,0,,,,,,1
440,0021900066,633,2,1,4,9:25 PM,4:14,MISS Bembry  3PT Jump Shot,,,,,4,1627761,DeAndre' Bembry,1610612737.0,Atlanta,Hawks,ATL,0,0,,,,,,0,0,,,,,,1
441,0021900066,634,4,0,4,9:25 PM,4:10,,,Butler REBOUND (Off:1 Def:8),,,5,202710,Jimmy Butler,1610612748.0,Miami,Heat,MIA,0,0,,,,,,0,0,,,,,,1
442,0021900066,635,1,1,4,9:25 PM,3:53,,,Leonard 25' 3PT Jump Shot (16 PTS) (Adebayo 6 AST),100 - 88,-12,5,203086,Meyers Leonard,1610612748.0,Miami,Heat,MIA,5,1628389,Bam Adebayo,1610612748.0,Miami,Heat,MIA,0,0,,,,,,1
443,0021900066,637,5,2,4,9:26 PM,3:35,Collins Lost Ball Turnover (P2.T14),,Butler STEAL (5 STL),,,4,1628381,John Collins,1610612737.0,Atlanta,Hawks,ATL,5,202710,Jimmy Butler,1610612748.0,Miami,Heat,MIA,0,0,,,,,,1
444,0021900066,639,1,98,4,9:26 PM,3:21,,,Nunn 2' Cutting Layup Shot (26 PTS) (Butler 10 AST),102 - 88,-14,5,1629134,Kendrick Nunn,1610612748.0,Miami,Heat,MIA,5,202710,Jimmy Butler,1610612748.0,Miami,Heat,MIA,0,0,,,,,,1
445,0021900066,641,5,2,4,9:26 PM,3:06,Hunter Lost Ball Turnover (P3.T15),,Butler STEAL (6 STL),,,4,1629631,De'Andre Hunter,1610612737.0,Atlanta,Hawks,ATL,5,202710,Jimmy Butler,1610612748.0,Miami,Heat,MIA,0,0,,,,,,1
446,0021900066,643,9,1,4,9:26 PM,3:06,,,Heat Timeout: Regular (Reg.5 Short 0),,,3,1610612748,,,,,,0,0,,,,,,0,0,,,,,,0
447,0021900066,644,8,0,4,9:27 PM,3:06,SUB: Huerter FOR Hunter,,,,,4,1629631,De'Andre Hunter,1610612737.0,Atlanta,Hawks,ATL,4,1628989,Kevin Huerter,1610612737.0,Atlanta,Hawks,ATL,0,0,,,,,,0
448,0021900066,645,8,0,4,9:27 PM,3:06,SUB: Parker FOR Reddish,,,,,4,1629629,Cam Reddish,1610612737.0,Atlanta,Hawks,ATL,4,203953,Jabari Parker,1610612737.0,Atlanta,Hawks,ATL,0,0,,,,,,0
449,0021900066,646,8,0,4,9:27 PM,3:06,SUB: Wallace FOR Jones,,,,,4,1627745,Damian Jones,1610612737.0,Atlanta,Hawks,ATL,4,1627820,Tyrone Wallace,1610612737.0,Atlanta,Hawks,ATL,0,0,,,,,,0
450,0021900066,650,1,1,4,9:28 PM,2:49,,,Herro 19' Jump Shot (17 PTS) (Adebayo 7 AST),104 - 88,-16,5,1629639,Tyler Herro,1610612748.0,Miami,Heat,MIA,5,1628389,Bam Adebayo,1610612748.0,Miami,Heat,MIA,0,0,,,,,,1
451,0021900066,652,2,1,4,9:28 PM,2:29,MISS Huerter 25' 3PT Jump Shot,,,,,4,1628989,Kevin Huerter,1610612737.0,Atlanta,Hawks,ATL,0,0,,,,,,0,0,,,,,,0
452,0021900066,653,4,0,4,9:28 PM,2:27,,,Adebayo REBOUND (Off:2 Def:4),,,5,1628389,Bam Adebayo,1610612748.0,Miami,Heat,MIA,0,0,,,,,,0,0,,,,,,1
453,0021900066,654,6,1,4,9:29 PM,2:27,Parker P.FOUL (P4.T2) (K.Lane),,,,,4,203953,Jabari Parker,1610612737.0,Atlanta,Hawks,ATL,5,1628389,Bam Adebayo,1610612748.0,Miami,Heat,MIA,1,0,,,,,,1
454,0021900066,656,5,2,4,9:29 PM,2:05,Bembry STEAL (2 STL),,Nunn Lost Ball Turnover (P3.T13),,,5,1629134,Kendrick Nunn,1610612748.0,Miami,Heat,MIA,4,1627761,DeAndre' Bembry,1610612737.0,Atlanta,Hawks,ATL,0,0,,,,,,1
455,0021900066,658,1,50,4,9:29 PM,2:01,Parker 1' Running Dunk (21 PTS) (Bembry 7 AST),,,104 - 90,-14,4,203953,Jabari Parker,1610612737.0,Atlanta,Hawks,ATL,4,1627761,DeAndre' Bembry,1610612737.0,Atlanta,Hawks,ATL,0,0,,,,,,1
456,0021900066,660,2,7,4,9:29 PM,1:42,Collins BLOCK (3 BLK),,MISS Leonard 2' Dunk,,,5,203086,Meyers Leonard,1610612748.0,Miami,Heat,MIA,0,0,,,,,,4,1628381,John Collins,1610612737.0,Atlanta,Hawks,ATL,1
457,0021900066,661,4,0,4,9:30 PM,1:38,Wallace REBOUND (Off:0 Def:3),,,,,4,1627820,Tyrone Wallace,1610612737.0,Atlanta,Hawks,ATL,0,0,,,,,,0,0,,,,,,1
458,0021900066,662,1,50,4,9:30 PM,1:37,Parker 1' Running Dunk (23 PTS) (Wallace 2 AST),,,104 - 92,-12,4,203953,Jabari Parker,1610612737.0,Atlanta,Hawks,ATL,4,1627820,Tyrone Wallace,1610612737.0,Atlanta,Hawks,ATL,0,0,,,,,,1
459,0021900066,665,1,98,4,9:30 PM,1:20,,,Nunn 1' Cutting Layup Shot (28 PTS) (Butler 11 AST),106 - 92,-14,5,1629134,Kendrick Nunn,1610612748.0,Miami,Heat,MIA,5,202710,Jimmy Butler,1610612748.0,Miami,Heat,MIA,0,0,,,,,,0
460,0021900066,667,5,13,4,9:31 PM,1:03,Wallace Backcourt Turnover (P3.T16),,,,,4,1627820,Tyrone Wallace,1610612737.0,Atlanta,Hawks,ATL,0,0,,,,,,1,0,,,,,,1
461,0021900066,668,2,6,4,9:31 PM,0:41,,,MISS Butler 3' Driving Layup,,,5,202710,Jimmy Butler,1610612748.0,Miami,Heat,MIA,0,0,,,,,,0,0,,,,,,1
462,0021900066,669,4,0,4,9:31 PM,0:39,Parker REBOUND (Off:3 Def:5),,,,,4,203953,Jabari Parker,1610612737.0,Atlanta,Hawks,ATL,0,0,,,,,,0,0,,,,,,1
463,0021900066,670,1,41,4,9:31 PM,0:37,Wallace 1' Running Layup (12 PTS),,,106 - 94,-12,4,1627820,Tyrone Wallace,1610612737.0,Atlanta,Hawks,ATL,0,0,,,,,,0,0,,,,,,1
464,0021900066,671,7,2,4,9:32 PM,0:37,,,Adebayo Violation:Defensive Goaltending (E.Dalen),,,5,1628389,Bam Adebayo,1610612748.0,Miami,Heat,MIA,0,0,,,,,,1,0,,,,,,1
465,0021900066,673,5,40,4,9:32 PM,0:29,,,Butler Out of Bounds Lost Ball Turnover (P4.T14),,,5,202710,Jimmy Butler,1610612748.0,Miami,Heat,MIA,0,0,,,,,,1,0,,,,,,1
466,0021900066,674,8,0,4,9:32 PM,0:29,,,SUB: Robinson FOR Adebayo,,,5,1628389,Bam Adebayo,1610612748.0,Miami,Heat,MIA,5,1629130,Duncan Robinson,1610612748.0,Miami,Heat,MIA,0,0,,,,,,0
467,0021900066,675,8,0,4,9:32 PM,0:29,,,SUB: Silva FOR Butler,,,5,202710,Jimmy Butler,1610612748.0,Miami,Heat,MIA,5,1629735,Chris Silva,1610612748.0,Miami,Heat,MIA,0,0,,,,,,0
468,0021900066,678,1,1,4,9:32 PM,0:24,Collins 26' 3PT Jump Shot (12 PTS) (Bembry 8 AST),,,106 - 97,-9,4,1628381,John Collins,1610612737.0,Atlanta,Hawks,ATL,4,1627761,DeAndre' Bembry,1610612737.0,Atlanta,Hawks,ATL,0,0,,,,,,1
469,0021900066,680,13,0,4,9:33 PM,0:00,,,,106 - 97,-9,0,0,,,,,,0,0,,,,,,0,0,,,,,,1
